timestamp,device_id,device_type,reparto,temperatura,vibrazione,livello_azoto,stato_dispositivo
2026-05-01 00:00:00,INC-01,incubatore,Laboratorio A,36.5,0.236,,OK
2026-05-01 00:00:00,INC-02,incubatore,Laboratorio A,36.68,0.369,,OK
2026-05-01 00:00:00,INC-03,incubatore,Laboratorio A,36.94,0.225,,OK
2026-05-01 00:00:00,INC-04,incubatore,Laboratorio A,37.07,0.504,,OK
2026-05-01 00:00:00,CULT-01,cella_coltura,Laboratorio B,37.32,0.233,,OK
2026-05-01 00:00:00,CULT-02,cella_coltura,Laboratorio B,37.32,0.121,,OK
2026-05-01 00:00:00,CULT-03,cella_coltura,Laboratorio B,37.48,0.033,,OK
2026-05-01 00:00:00,CRYO-01,banca_criogenica,Deposito C,-195.77,0.161,46.0,OK
2026-05-01 00:00:00,CRYO-02,banca_criogenica,Deposito C,-196.13,0.146,47.5,OK
2026-05-01 00:00:00,HVAC-01,hvac,Edificio Principale,21.01,0.566,,OK
2026-05-01 00:30:00,INC-01,incubatore,Laboratorio A,37.02,0.371,,OK
2026-05-01 00:30:00,INC-02,incubatore,Laboratorio A,36.65,0.435,,OK
2026-05-01 00:30:00,INC-03,incubatore,Laboratorio A,36.84,0.214,,OK
2026-05-01 00:30:00,INC-04,incubatore,Laboratorio A,36.92,0.519,,OK
2026-05-01 00:30:00,CULT-01,cella_coltura,Laboratorio B,36.6,0.18,,OK
2026-05-01 00:30:00,CULT-02,cella_coltura,Laboratorio B,36.43,0.19,,OK
2026-05-01 00:30:00,CULT-03,cella_coltura,Laboratorio B,36.88,0.173,,OK
2026-05-01 00:30:00,CRYO-01,banca_criogenica,Deposito C,-196.3,0.108,45.8,OK
2026-05-01 00:30:00,CRYO-02,banca_criogenica,Deposito C,-196.04,0.125,48.3,OK
2026-05-01 00:30:00,HVAC-01,hvac,Edificio Principale,20.94,0.405,,OK
2026-05-01 01:00:00,INC-01,incubatore,Laboratorio A,37.14,0.295,,OK
2026-05-01 01:00:00,INC-02,incubatore,Laboratorio A,36.9,0.33,,OK
2026-05-01 01:00:00,INC-03,incubatore,Laboratorio A,36.9,0.183,,OK
2026-05-01 01:00:00,INC-04,incubatore,Laboratorio A,36.41,0.526,,OK
2026-05-01 01:00:00,CULT-01,cella_coltura,Laboratorio B,37.13,0.117,,OK
2026-05-01 01:00:00,CULT-02,cella_coltura,Laboratorio B,36.93,0.181,,OK
2026-05-01 01:00:00,CULT-03,cella_coltura,Laboratorio B,36.94,0.024,,OK
2026-05-01 01:00:00,CRYO-01,banca_criogenica,Deposito C,-195.78,0.106,48.3,OK
2026-05-01 01:00:00,CRYO-02,banca_criogenica,Deposito C,-195.6,0.212,45.4,OK
2026-05-01 01:00:00,HVAC-01,hvac,Edificio Principale,21.44,0.572,,OK
2026-05-01 01:30:00,INC-01,incubatore,Laboratorio A,36.93,0.318,,OK
2026-05-01 01:30:00,INC-02,incubatore,Laboratorio A,37.13,0.422,,OK
2026-05-01 01:30:00,INC-03,incubatore,Laboratorio A,37.13,0.181,,OK
2026-05-01 01:30:00,INC-04,incubatore,Laboratorio A,37.04,0.473,,OK
2026-05-01 01:30:00,CULT-01,cella_coltura,Laboratorio B,37.37,0.185,,OK
2026-05-01 01:30:00,CULT-02,cella_coltura,Laboratorio B,36.85,0.23,,OK
2026-05-01 01:30:00,CULT-03,cella_coltura,Laboratorio B,37.07,0.109,,OK
2026-05-01 01:30:00,CRYO-01,banca_criogenica,Deposito C,-195.32,0.126,52.6,OK
2026-05-01 01:30:00,CRYO-02,banca_criogenica,Deposito C,-196.11,0.201,48.1,OK
2026-05-01 01:30:00,HVAC-01,hvac,Edificio Principale,21.06,0.527,,OK
2026-05-01 02:00:00,INC-01,incubatore,Laboratorio A,37.38,0.361,,OK
2026-05-01 02:00:00,INC-02,incubatore,Laboratorio A,37.18,0.493,,OK
2026-05-01 02:00:00,INC-03,incubatore,Laboratorio A,36.78,0.185,,OK
2026-05-01 02:00:00,INC-04,incubatore,Laboratorio A,36.45,0.463,,OK
2026-05-01 02:00:00,CULT-01,cella_coltura,Laboratorio B,37.1,0.138,,OK
2026-05-01 02:00:00,CULT-02,cella_coltura,Laboratorio B,37.12,0.19,,OK
2026-05-01 02:00:00,CULT-03,cella_coltura,Laboratorio B,37.71,0.147,,OK
2026-05-01 02:00:00,CRYO-01,banca_criogenica,Deposito C,-195.71,0.121,44.0,OK
2026-05-01 02:00:00,CRYO-02,banca_criogenica,Deposito C,-195.95,0.248,47.9,OK
2026-05-01 02:00:00,HVAC-01,hvac,Edificio Principale,20.72,0.507,,OK
2026-05-01 02:30:00,INC-01,incubatore,Laboratorio A,37.13,0.254,,OK
2026-05-01 02:30:00,INC-02,incubatore,Laboratorio A,36.58,0.337,,OK
2026-05-01 02:30:00,INC-03,incubatore,Laboratorio A,36.85,0.107,,OK
2026-05-01 02:30:00,INC-04,incubatore,Laboratorio A,36.72,0.477,,OK
2026-05-01 02:30:00,CULT-01,cella_coltura,Laboratorio B,37.15,0.147,,OK
2026-05-01 02:30:00,CULT-02,cella_coltura,Laboratorio B,37.32,0.15,,OK
2026-05-01 02:30:00,CULT-03,cella_coltura,Laboratorio B,37.19,0.084,,OK
2026-05-01 02:30:00,CRYO-01,banca_criogenica,Deposito C,-196.29,0.067,45.5,OK
2026-05-01 02:30:00,CRYO-02,banca_criogenica,Deposito C,-195.61,0.202,47.4,OK
2026-05-01 02:30:00,HVAC-01,hvac,Edificio Principale,21.14,0.455,,OK
2026-05-01 03:00:00,INC-01,incubatore,Laboratorio A,37.03,0.228,,OK
2026-05-01 03:00:00,INC-02,incubatore,Laboratorio A,36.65,0.28,,OK
2026-05-01 03:00:00,INC-03,incubatore,Laboratorio A,36.96,0.225,,OK
2026-05-01 03:00:00,INC-04,incubatore,Laboratorio A,37.28,0.502,,OK
2026-05-01 03:00:00,CULT-01,cella_coltura,Laboratorio B,37.03,0.155,,OK
2026-05-01 03:00:00,CULT-02,cella_coltura,Laboratorio B,36.66,0.208,,OK
2026-05-01 03:00:00,CULT-03,cella_coltura,Laboratorio B,36.82,0.116,,OK
2026-05-01 03:00:00,CRYO-01,banca_criogenica,Deposito C,-196.06,0.129,45.9,OK
2026-05-01 03:00:00,CRYO-02,banca_criogenica,Deposito C,-195.94,0.231,48.2,OK
2026-05-01 03:00:00,HVAC-01,hvac,Edificio Principale,20.94,0.52,,OK
2026-05-01 03:30:00,INC-01,incubatore,Laboratorio A,36.81,0.367,,OK
2026-05-01 03:30:00,INC-02,incubatore,Laboratorio A,36.87,0.44,,OK
2026-05-01 03:30:00,INC-03,incubatore,Laboratorio A,36.84,0.228,,OK
2026-05-01 03:30:00,INC-04,incubatore,Laboratorio A,37.4,0.434,,OK
2026-05-01 03:30:00,CULT-01,cella_coltura,Laboratorio B,36.8,0.081,,OK
2026-05-01 03:30:00,CULT-02,cella_coltura,Laboratorio B,36.75,0.282,,OK
2026-05-01 03:30:00,CULT-03,cella_coltura,Laboratorio B,37.35,0.141,,OK
2026-05-01 03:30:00,CRYO-01,banca_criogenica,Deposito C,-195.59,0.048,47.5,OK
2026-05-01 03:30:00,CRYO-02,banca_criogenica,Deposito C,-195.61,0.129,49.1,OK
2026-05-01 03:30:00,HVAC-01,hvac,Edificio Principale,20.93,0.438,,OK
2026-05-01 04:00:00,INC-01,incubatore,Laboratorio A,36.59,0.333,,OK
2026-05-01 04:00:00,INC-02,incubatore,Laboratorio A,37.44,0.426,,OK
2026-05-01 04:00:00,INC-03,incubatore,Laboratorio A,36.94,0.167,,OK
2026-05-01 04:00:00,INC-04,incubatore,Laboratorio A,37.1,0.565,,OK
2026-05-01 04:00:00,CULT-01,cella_coltura,Laboratorio B,36.97,0.058,,OK
2026-05-01 04:00:00,CULT-02,cella_coltura,Laboratorio B,37.34,0.218,,OK
2026-05-01 04:00:00,CULT-03,cella_coltura,Laboratorio B,37.54,0.111,,OK
2026-05-01 04:00:00,CRYO-01,banca_criogenica,Deposito C,-196.29,0.093,49.8,OK
2026-05-01 04:00:00,CRYO-02,banca_criogenica,Deposito C,-196.47,0.198,49.3,OK
2026-05-01 04:00:00,HVAC-01,hvac,Edificio Principale,21.08,0.565,,OK
2026-05-01 04:30:00,INC-01,incubatore,Laboratorio A,36.42,0.312,,OK
2026-05-01 04:30:00,INC-02,incubatore,Laboratorio A,37.02,0.402,,OK
2026-05-01 04:30:00,INC-03,incubatore,Laboratorio A,37.05,0.185,,OK
2026-05-01 04:30:00,INC-04,incubatore,Laboratorio A,36.9,0.452,,OK
2026-05-01 04:30:00,CULT-01,cella_coltura,Laboratorio B,36.79,0.091,,OK
2026-05-01 04:30:00,CULT-02,cella_coltura,Laboratorio B,36.58,0.188,,OK
2026-05-01 04:30:00,CULT-03,cella_coltura,Laboratorio B,37.2,0.016,,OK
2026-05-01 04:30:00,CRYO-01,banca_criogenica,Deposito C,-196.04,0.041,48.4,OK
2026-05-01 04:30:00,CRYO-02,banca_criogenica,Deposito C,-195.74,0.248,46.0,OK
2026-05-01 04:30:00,HVAC-01,hvac,Edificio Principale,20.33,0.505,,OK
2026-05-01 05:00:00,INC-01,incubatore,Laboratorio A,36.97,0.319,,OK
2026-05-01 05:00:00,INC-02,incubatore,Laboratorio A,37.07,0.408,,OK
2026-05-01 05:00:00,INC-03,incubatore,Laboratorio A,37.09,0.311,,OK
2026-05-01 05:00:00,INC-04,incubatore,Laboratorio A,37.23,0.52,,OK
2026-05-01 05:00:00,CULT-01,cella_coltura,Laboratorio B,37.31,0.079,,OK
2026-05-01 05:00:00,CULT-02,cella_coltura,Laboratorio B,36.45,0.247,,OK
2026-05-01 05:00:00,CULT-03,cella_coltura,Laboratorio B,36.26,0.157,,OK
2026-05-01 05:00:00,CRYO-01,banca_criogenica,Deposito C,-196.21,0.034,44.5,OK
2026-05-01 05:00:00,CRYO-02,banca_criogenica,Deposito C,-196.01,0.137,49.8,OK
2026-05-01 05:00:00,HVAC-01,hvac,Edificio Principale,20.45,0.494,,OK
2026-05-01 05:30:00,INC-01,incubatore,Laboratorio A,36.71,0.362,,OK
2026-05-01 05:30:00,INC-02,incubatore,Laboratorio A,37.34,0.405,,OK
2026-05-01 05:30:00,INC-03,incubatore,Laboratorio A,36.71,0.165,,OK
2026-05-01 05:30:00,INC-04,incubatore,Laboratorio A,37.31,0.47,,OK
2026-05-01 05:30:00,CULT-01,cella_coltura,Laboratorio B,37.31,0.198,,OK
2026-05-01 05:30:00,CULT-02,cella_coltura,Laboratorio B,36.65,0.221,,OK
2026-05-01 05:30:00,CULT-03,cella_coltura,Laboratorio B,36.81,0.136,,OK
2026-05-01 05:30:00,CRYO-01,banca_criogenica,Deposito C,-195.85,0.162,46.8,OK
2026-05-01 05:30:00,CRYO-02,banca_criogenica,Deposito C,-196.11,0.205,46.6,OK
2026-05-01 05:30:00,HVAC-01,hvac,Edificio Principale,21.27,0.375,,OK
2026-05-01 06:00:00,INC-01,incubatore,Laboratorio A,36.45,0.323,,OK
2026-05-01 06:00:00,INC-02,incubatore,Laboratorio A,36.63,0.436,,OK
2026-05-01 06:00:00,INC-03,incubatore,Laboratorio A,36.98,0.265,,OK
2026-05-01 06:00:00,INC-04,incubatore,Laboratorio A,36.72,0.535,,OK
2026-05-01 06:00:00,CULT-01,cella_coltura,Laboratorio B,36.52,0.193,,OK
2026-05-01 06:00:00,CULT-02,cella_coltura,Laboratorio B,37.05,0.2,,OK
2026-05-01 06:00:00,CULT-03,cella_coltura,Laboratorio B,37.46,0.072,,OK
2026-05-01 06:00:00,CRYO-01,banca_criogenica,Deposito C,-196.35,0.036,48.0,OK
2026-05-01 06:00:00,CRYO-02,banca_criogenica,Deposito C,-195.92,0.203,46.0,OK
2026-05-01 06:00:00,HVAC-01,hvac,Edificio Principale,21.34,0.528,,OK
2026-05-01 06:30:00,INC-01,incubatore,Laboratorio A,36.97,0.291,,OK
2026-05-01 06:30:00,INC-02,incubatore,Laboratorio A,36.73,0.381,,OK
2026-05-01 06:30:00,INC-03,incubatore,Laboratorio A,37.24,0.198,,OK
2026-05-01 06:30:00,INC-04,incubatore,Laboratorio A,36.74,0.467,,OK
2026-05-01 06:30:00,CULT-01,cella_coltura,Laboratorio B,36.78,0.079,,OK
2026-05-01 06:30:00,CULT-02,cella_coltura,Laboratorio B,36.75,0.138,,OK
2026-05-01 06:30:00,CULT-03,cella_coltura,Laboratorio B,36.77,0.071,,OK
2026-05-01 06:30:00,CRYO-01,banca_criogenica,Deposito C,-196.12,0.029,44.3,OK
2026-05-01 06:30:00,CRYO-02,banca_criogenica,Deposito C,-195.35,0.166,48.0,OK
2026-05-01 06:30:00,HVAC-01,hvac,Edificio Principale,21.05,0.474,,OK
2026-05-01 07:00:00,INC-01,incubatore,Laboratorio A,36.59,0.288,,OK
2026-05-01 07:00:00,INC-02,incubatore,Laboratorio A,36.74,0.506,,OK
2026-05-01 07:00:00,INC-03,incubatore,Laboratorio A,36.83,0.182,,OK
2026-05-01 07:00:00,INC-04,incubatore,Laboratorio A,36.73,0.451,,OK
2026-05-01 07:00:00,CULT-01,cella_coltura,Laboratorio B,36.97,0.208,,OK
2026-05-01 07:00:00,CULT-02,cella_coltura,Laboratorio B,36.74,0.164,,OK
2026-05-01 07:00:00,CULT-03,cella_coltura,Laboratorio B,36.86,0.084,,OK
2026-05-01 07:00:00,CRYO-01,banca_criogenica,Deposito C,-196.18,0.057,49.2,OK
2026-05-01 07:00:00,CRYO-02,banca_criogenica,Deposito C,-196.14,0.213,48.2,OK
2026-05-01 07:00:00,HVAC-01,hvac,Edificio Principale,21.15,0.465,,OK
2026-05-01 07:30:00,INC-01,incubatore,Laboratorio A,36.98,0.355,,OK
2026-05-01 07:30:00,INC-02,incubatore,Laboratorio A,37.0,0.507,,OK
2026-05-01 07:30:00,INC-03,incubatore,Laboratorio A,37.38,0.269,,OK
2026-05-01 07:30:00,INC-04,incubatore,Laboratorio A,37.14,0.447,,OK
2026-05-01 07:30:00,CULT-01,cella_coltura,Laboratorio B,36.68,0.089,,OK
2026-05-01 07:30:00,CULT-02,cella_coltura,Laboratorio B,37.2,0.081,,OK
2026-05-01 07:30:00,CULT-03,cella_coltura,Laboratorio B,36.69,0.211,,OK
2026-05-01 07:30:00,CRYO-01,banca_criogenica,Deposito C,-195.88,0.053,50.4,OK
2026-05-01 07:30:00,CRYO-02,banca_criogenica,Deposito C,-195.43,0.145,46.1,OK
2026-05-01 07:30:00,HVAC-01,hvac,Edificio Principale,21.08,0.526,,OK
2026-05-01 08:00:00,INC-01,incubatore,Laboratorio A,37.22,0.277,,OK
2026-05-01 08:00:00,INC-02,incubatore,Laboratorio A,36.65,0.457,,OK
2026-05-01 08:00:00,INC-03,incubatore,Laboratorio A,36.92,0.167,,OK
2026-05-01 08:00:00,INC-04,incubatore,Laboratorio A,37.08,0.422,,OK
2026-05-01 08:00:00,CULT-01,cella_coltura,Laboratorio B,36.61,0.304,,OK
2026-05-01 08:00:00,CULT-02,cella_coltura,Laboratorio B,36.77,0.254,,OK
2026-05-01 08:00:00,CULT-03,cella_coltura,Laboratorio B,36.91,0.021,,OK
2026-05-01 08:00:00,CRYO-01,banca_criogenica,Deposito C,-195.95,0.139,45.5,OK
2026-05-01 08:00:00,CRYO-02,banca_criogenica,Deposito C,-195.62,0.091,45.5,OK
2026-05-01 08:00:00,HVAC-01,hvac,Edificio Principale,20.83,0.556,,OK
2026-05-01 08:30:00,INC-01,incubatore,Laboratorio A,36.86,0.327,,OK
2026-05-01 08:30:00,INC-02,incubatore,Laboratorio A,37.47,0.362,,OK
2026-05-01 08:30:00,INC-03,incubatore,Laboratorio A,37.19,0.191,,OK
2026-05-01 08:30:00,INC-04,incubatore,Laboratorio A,36.99,0.464,,OK
2026-05-01 08:30:00,CULT-01,cella_coltura,Laboratorio B,36.82,0.177,,OK
2026-05-01 08:30:00,CULT-02,cella_coltura,Laboratorio B,37.33,0.171,,OK
2026-05-01 08:30:00,CULT-03,cella_coltura,Laboratorio B,37.03,0.168,,OK
2026-05-01 08:30:00,CRYO-01,banca_criogenica,Deposito C,-196.18,0.099,44.7,OK
2026-05-01 08:30:00,CRYO-02,banca_criogenica,Deposito C,-196.11,0.295,50.7,OK
2026-05-01 08:30:00,HVAC-01,hvac,Edificio Principale,20.78,0.499,,OK
2026-05-01 09:00:00,INC-01,incubatore,Laboratorio A,36.32,0.333,,OK
2026-05-01 09:00:00,INC-02,incubatore,Laboratorio A,36.72,0.496,,OK
2026-05-01 09:00:00,INC-03,incubatore,Laboratorio A,36.88,0.188,,OK
2026-05-01 09:00:00,INC-04,incubatore,Laboratorio A,36.68,0.529,,OK
2026-05-01 09:00:00,CULT-01,cella_coltura,Laboratorio B,36.75,0.186,,OK
2026-05-01 09:00:00,CULT-02,cella_coltura,Laboratorio B,36.99,0.216,,OK
2026-05-01 09:00:00,CULT-03,cella_coltura,Laboratorio B,37.17,0.12,,OK
2026-05-01 09:00:00,CRYO-01,banca_criogenica,Deposito C,-196.15,0.16,45.7,OK
2026-05-01 09:00:00,CRYO-02,banca_criogenica,Deposito C,-196.5,0.165,49.6,OK
2026-05-01 09:00:00,HVAC-01,hvac,Edificio Principale,21.05,0.56,,OK
2026-05-01 09:30:00,INC-01,incubatore,Laboratorio A,36.71,0.318,,OK
2026-05-01 09:30:00,INC-02,incubatore,Laboratorio A,37.35,0.322,,OK
2026-05-01 09:30:00,INC-03,incubatore,Laboratorio A,36.72,0.169,,OK
2026-05-01 09:30:00,INC-04,incubatore,Laboratorio A,37.44,0.512,,OK
2026-05-01 09:30:00,CULT-01,cella_coltura,Laboratorio B,36.59,0.139,,OK
2026-05-01 09:30:00,CULT-02,cella_coltura,Laboratorio B,36.97,0.252,,OK
2026-05-01 09:30:00,CULT-03,cella_coltura,Laboratorio B,36.72,0.199,,OK
2026-05-01 09:30:00,CRYO-01,banca_criogenica,Deposito C,-196.2,0.008,43.5,OK
2026-05-01 09:30:00,CRYO-02,banca_criogenica,Deposito C,-195.9,0.254,48.5,OK
2026-05-01 09:30:00,HVAC-01,hvac,Edificio Principale,20.86,0.53,,OK
2026-05-01 10:00:00,INC-01,incubatore,Laboratorio A,37.06,0.366,,OK
2026-05-01 10:00:00,INC-02,incubatore,Laboratorio A,37.36,0.324,,OK
2026-05-01 10:00:00,INC-03,incubatore,Laboratorio A,37.18,0.218,,OK
2026-05-01 10:00:00,INC-04,incubatore,Laboratorio A,37.24,0.458,,OK
2026-05-01 10:00:00,CULT-01,cella_coltura,Laboratorio B,36.71,0.264,,OK
2026-05-01 10:00:00,CULT-02,cella_coltura,Laboratorio B,37.3,0.242,,OK
2026-05-01 10:00:00,CULT-03,cella_coltura,Laboratorio B,36.64,0.2,,OK
2026-05-01 10:00:00,CRYO-01,banca_criogenica,Deposito C,-196.19,0.126,48.8,OK
2026-05-01 10:00:00,CRYO-02,banca_criogenica,Deposito C,-195.86,0.243,48.1,OK
2026-05-01 10:00:00,HVAC-01,hvac,Edificio Principale,20.39,0.554,,OK
2026-05-01 10:30:00,INC-01,incubatore,Laboratorio A,36.69,0.294,,OK
2026-05-01 10:30:00,INC-02,incubatore,Laboratorio A,37.26,0.345,,OK
2026-05-01 10:30:00,INC-03,incubatore,Laboratorio A,37.37,0.187,,OK
2026-05-01 10:30:00,INC-04,incubatore,Laboratorio A,37.75,0.528,,OK
2026-05-01 10:30:00,CULT-01,cella_coltura,Laboratorio B,37.26,0.2,,OK
2026-05-01 10:30:00,CULT-02,cella_coltura,Laboratorio B,37.17,0.15,,OK
2026-05-01 10:30:00,CULT-03,cella_coltura,Laboratorio B,37.42,0.153,,OK
2026-05-01 10:30:00,CRYO-01,banca_criogenica,Deposito C,-196.11,0.088,47.4,OK
2026-05-01 10:30:00,CRYO-02,banca_criogenica,Deposito C,-195.79,0.174,51.5,OK
2026-05-01 10:30:00,HVAC-01,hvac,Edificio Principale,20.92,0.476,,OK
2026-05-01 11:00:00,INC-01,incubatore,Laboratorio A,37.15,0.254,,OK
2026-05-01 11:00:00,INC-02,incubatore,Laboratorio A,37.16,0.324,,OK
2026-05-01 11:00:00,INC-03,incubatore,Laboratorio A,37.18,0.279,,OK
2026-05-01 11:00:00,INC-04,incubatore,Laboratorio A,36.88,0.553,,OK
2026-05-01 11:00:00,CULT-01,cella_coltura,Laboratorio B,37.2,0.105,,OK
2026-05-01 11:00:00,CULT-02,cella_coltura,Laboratorio B,37.09,0.2,,OK
2026-05-01 11:00:00,CULT-03,cella_coltura,Laboratorio B,36.6,0.137,,OK
2026-05-01 11:00:00,CRYO-01,banca_criogenica,Deposito C,-196.06,0.214,48.8,OK
2026-05-01 11:00:00,CRYO-02,banca_criogenica,Deposito C,-195.74,0.25,48.8,OK
2026-05-01 11:00:00,HVAC-01,hvac,Edificio Principale,20.97,0.505,,OK
2026-05-01 11:30:00,INC-01,incubatore,Laboratorio A,37.07,0.239,,OK
2026-05-01 11:30:00,INC-02,incubatore,Laboratorio A,36.36,0.381,,OK
2026-05-01 11:30:00,INC-03,incubatore,Laboratorio A,36.71,0.235,,OK
2026-05-01 11:30:00,INC-04,incubatore,Laboratorio A,36.68,0.566,,OK
2026-05-01 11:30:00,CULT-01,cella_coltura,Laboratorio B,36.95,0.153,,OK
2026-05-01 11:30:00,CULT-02,cella_coltura,Laboratorio B,36.84,0.204,,OK
2026-05-01 11:30:00,CULT-03,cella_coltura,Laboratorio B,37.07,0.083,,OK
2026-05-01 11:30:00,CRYO-01,banca_criogenica,Deposito C,-196.34,0.041,47.0,OK
2026-05-01 11:30:00,CRYO-02,banca_criogenica,Deposito C,-196.09,0.298,48.4,OK
2026-05-01 11:30:00,HVAC-01,hvac,Edificio Principale,21.31,0.44,,OK
2026-05-01 12:00:00,INC-01,incubatore,Laboratorio A,36.91,0.313,,OK
2026-05-01 12:00:00,INC-02,incubatore,Laboratorio A,36.83,0.401,,OK
2026-05-01 12:00:00,INC-03,incubatore,Laboratorio A,37.1,0.232,,OK
2026-05-01 12:00:00,INC-04,incubatore,Laboratorio A,36.87,0.459,,OK
2026-05-01 12:00:00,CULT-01,cella_coltura,Laboratorio B,37.14,0.164,,OK
2026-05-01 12:00:00,CULT-02,cella_coltura,Laboratorio B,37.24,0.164,,OK
2026-05-01 12:00:00,CULT-03,cella_coltura,Laboratorio B,37.26,0.073,,OK
2026-05-01 12:00:00,CRYO-01,banca_criogenica,Deposito C,-195.94,0.187,47.1,OK
2026-05-01 12:00:00,CRYO-02,banca_criogenica,Deposito C,-195.98,0.196,48.9,OK
2026-05-01 12:00:00,HVAC-01,hvac,Edificio Principale,20.91,0.449,,OK
2026-05-01 12:30:00,INC-01,incubatore,Laboratorio A,37.05,0.258,,OK
2026-05-01 12:30:00,INC-02,incubatore,Laboratorio A,37.16,0.283,,OK
2026-05-01 12:30:00,INC-03,incubatore,Laboratorio A,36.78,0.235,,OK
2026-05-01 12:30:00,INC-04,incubatore,Laboratorio A,36.54,0.5,,OK
2026-05-01 12:30:00,CULT-01,cella_coltura,Laboratorio B,37.37,0.158,,OK
2026-05-01 12:30:00,CULT-02,cella_coltura,Laboratorio B,36.8,0.179,,OK
2026-05-01 12:30:00,CULT-03,cella_coltura,Laboratorio B,37.0,0.065,,OK
2026-05-01 12:30:00,CRYO-01,banca_criogenica,Deposito C,-196.58,0.072,47.1,OK
2026-05-01 12:30:00,CRYO-02,banca_criogenica,Deposito C,-196.33,0.311,46.6,OK
2026-05-01 12:30:00,HVAC-01,hvac,Edificio Principale,21.25,0.517,,OK
2026-05-01 13:00:00,INC-01,incubatore,Laboratorio A,37.03,0.307,,OK
2026-05-01 13:00:00,INC-02,incubatore,Laboratorio A,37.13,0.428,,OK
2026-05-01 13:00:00,INC-03,incubatore,Laboratorio A,37.1,0.181,,OK
2026-05-01 13:00:00,INC-04,incubatore,Laboratorio A,36.92,0.536,,OK
2026-05-01 13:00:00,CULT-01,cella_coltura,Laboratorio B,36.86,0.108,,OK
2026-05-01 13:00:00,CULT-02,cella_coltura,Laboratorio B,37.02,0.19,,OK
2026-05-01 13:00:00,CULT-03,cella_coltura,Laboratorio B,36.9,0.05,,OK
2026-05-01 13:00:00,CRYO-01,banca_criogenica,Deposito C,-195.43,0.053,47.3,OK
2026-05-01 13:00:00,CRYO-02,banca_criogenica,Deposito C,-196.16,0.228,50.6,OK
2026-05-01 13:00:00,HVAC-01,hvac,Edificio Principale,21.22,0.532,,OK
2026-05-01 13:30:00,INC-01,incubatore,Laboratorio A,37.25,0.207,,OK
2026-05-01 13:30:00,INC-02,incubatore,Laboratorio A,37.07,0.358,,OK
2026-05-01 13:30:00,INC-03,incubatore,Laboratorio A,36.82,0.124,,OK
2026-05-01 13:30:00,INC-04,incubatore,Laboratorio A,37.43,0.565,,OK
2026-05-01 13:30:00,CULT-01,cella_coltura,Laboratorio B,37.09,0.14,,OK
2026-05-01 13:30:00,CULT-02,cella_coltura,Laboratorio B,37.12,0.252,,OK
2026-05-01 13:30:00,CULT-03,cella_coltura,Laboratorio B,36.89,0.162,,OK
2026-05-01 13:30:00,CRYO-01,banca_criogenica,Deposito C,-196.21,0.024,47.5,OK
2026-05-01 13:30:00,CRYO-02,banca_criogenica,Deposito C,-196.58,0.261,48.0,OK
2026-05-01 13:30:00,HVAC-01,hvac,Edificio Principale,20.87,0.431,,OK
2026-05-01 14:00:00,INC-01,incubatore,Laboratorio A,37.21,0.313,,OK
2026-05-01 14:00:00,INC-02,incubatore,Laboratorio A,36.74,0.557,,OK
2026-05-01 14:00:00,INC-03,incubatore,Laboratorio A,37.02,0.224,,OK
2026-05-01 14:00:00,INC-04,incubatore,Laboratorio A,36.96,0.509,,OK
2026-05-01 14:00:00,CULT-01,cella_coltura,Laboratorio B,36.96,0.09,,OK
2026-05-01 14:00:00,CULT-02,cella_coltura,Laboratorio B,36.09,0.234,,OK
2026-05-01 14:00:00,CULT-03,cella_coltura,Laboratorio B,37.68,0.042,,OK
2026-05-01 14:00:00,CRYO-01,banca_criogenica,Deposito C,-196.09,0.096,50.6,OK
2026-05-01 14:00:00,CRYO-02,banca_criogenica,Deposito C,-196.35,0.14,48.3,OK
2026-05-01 14:00:00,HVAC-01,hvac,Edificio Principale,21.2,0.583,,OK
2026-05-01 14:30:00,INC-01,incubatore,Laboratorio A,37.1,0.307,,OK
2026-05-01 14:30:00,INC-02,incubatore,Laboratorio A,37.18,0.407,,OK
2026-05-01 14:30:00,INC-03,incubatore,Laboratorio A,36.42,0.212,,OK
2026-05-01 14:30:00,INC-04,incubatore,Laboratorio A,37.18,0.501,,OK
2026-05-01 14:30:00,CULT-01,cella_coltura,Laboratorio B,36.93,0.23,,OK
2026-05-01 14:30:00,CULT-02,cella_coltura,Laboratorio B,37.8,0.333,,OK
2026-05-01 14:30:00,CULT-03,cella_coltura,Laboratorio B,36.87,0.06,,OK
2026-05-01 14:30:00,CRYO-01,banca_criogenica,Deposito C,-195.81,0.04,50.7,OK
2026-05-01 14:30:00,CRYO-02,banca_criogenica,Deposito C,-195.94,0.217,44.9,OK
2026-05-01 14:30:00,HVAC-01,hvac,Edificio Principale,20.97,0.462,,OK
2026-05-01 15:00:00,INC-01,incubatore,Laboratorio A,36.76,0.392,,OK
2026-05-01 15:00:00,INC-02,incubatore,Laboratorio A,37.29,0.454,,OK
2026-05-01 15:00:00,INC-03,incubatore,Laboratorio A,36.8,0.104,,OK
2026-05-01 15:00:00,INC-04,incubatore,Laboratorio A,36.84,0.505,,OK
2026-05-01 15:00:00,CULT-01,cella_coltura,Laboratorio B,37.06,0.166,,OK
2026-05-01 15:00:00,CULT-02,cella_coltura,Laboratorio B,36.54,0.156,,OK
2026-05-01 15:00:00,CULT-03,cella_coltura,Laboratorio B,36.89,0.067,,OK
2026-05-01 15:00:00,CRYO-01,banca_criogenica,Deposito C,-195.48,0.078,44.3,OK
2026-05-01 15:00:00,CRYO-02,banca_criogenica,Deposito C,-195.81,0.214,47.4,OK
2026-05-01 15:00:00,HVAC-01,hvac,Edificio Principale,21.36,0.549,,OK
2026-05-01 15:30:00,INC-01,incubatore,Laboratorio A,37.81,0.247,,OK
2026-05-01 15:30:00,INC-02,incubatore,Laboratorio A,37.13,0.392,,OK
2026-05-01 15:30:00,INC-03,incubatore,Laboratorio A,37.14,0.207,,OK
2026-05-01 15:30:00,INC-04,incubatore,Laboratorio A,36.83,0.456,,OK
2026-05-01 15:30:00,CULT-01,cella_coltura,Laboratorio B,36.64,0.184,,OK
2026-05-01 15:30:00,CULT-02,cella_coltura,Laboratorio B,36.85,0.121,,OK
2026-05-01 15:30:00,CULT-03,cella_coltura,Laboratorio B,37.26,0.139,,OK
2026-05-01 15:30:00,CRYO-01,banca_criogenica,Deposito C,-196.03,0.159,47.9,OK
2026-05-01 15:30:00,CRYO-02,banca_criogenica,Deposito C,-195.74,0.281,49.8,OK
2026-05-01 15:30:00,HVAC-01,hvac,Edificio Principale,20.64,0.505,,OK
2026-05-01 16:00:00,INC-01,incubatore,Laboratorio A,36.88,0.231,,OK
2026-05-01 16:00:00,INC-02,incubatore,Laboratorio A,36.96,0.376,,OK
2026-05-01 16:00:00,INC-03,incubatore,Laboratorio A,36.85,0.174,,OK
2026-05-01 16:00:00,INC-04,incubatore,Laboratorio A,36.99,0.484,,OK
2026-05-01 16:00:00,CULT-01,cella_coltura,Laboratorio B,36.94,0.923,,CRITICAL
2026-05-01 16:00:00,CULT-02,cella_coltura,Laboratorio B,37.29,0.188,,OK
2026-05-01 16:00:00,CULT-03,cella_coltura,Laboratorio B,36.98,0.079,,OK
2026-05-01 16:00:00,CRYO-01,banca_criogenica,Deposito C,-195.99,0.093,46.5,OK
2026-05-01 16:00:00,CRYO-02,banca_criogenica,Deposito C,-195.88,0.311,49.5,OK
2026-05-01 16:00:00,HVAC-01,hvac,Edificio Principale,21.0,0.482,,OK
2026-05-01 16:30:00,INC-01,incubatore,Laboratorio A,36.86,0.304,,OK
2026-05-01 16:30:00,INC-02,incubatore,Laboratorio A,36.6,0.44,,OK
2026-05-01 16:30:00,INC-03,incubatore,Laboratorio A,36.8,0.132,,OK
2026-05-01 16:30:00,INC-04,incubatore,Laboratorio A,37.01,0.478,,OK
2026-05-01 16:30:00,CULT-01,cella_coltura,Laboratorio B,37.36,0.82,,CRITICAL
2026-05-01 16:30:00,CULT-02,cella_coltura,Laboratorio B,37.14,0.232,,OK
2026-05-01 16:30:00,CULT-03,cella_coltura,Laboratorio B,37.0,0.122,,OK
2026-05-01 16:30:00,CRYO-01,banca_criogenica,Deposito C,-195.94,0.137,46.4,OK
2026-05-01 16:30:00,CRYO-02,banca_criogenica,Deposito C,-196.13,0.151,50.0,OK
2026-05-01 16:30:00,HVAC-01,hvac,Edificio Principale,20.99,0.484,,OK
2026-05-01 17:00:00,INC-01,incubatore,Laboratorio A,37.31,0.281,,OK
2026-05-01 17:00:00,INC-02,incubatore,Laboratorio A,36.53,0.43,,OK
2026-05-01 17:00:00,INC-03,incubatore,Laboratorio A,36.57,0.239,,OK
2026-05-01 17:00:00,INC-04,incubatore,Laboratorio A,37.29,0.481,,OK
2026-05-01 17:00:00,CULT-01,cella_coltura,Laboratorio B,36.62,0.938,,CRITICAL
2026-05-01 17:00:00,CULT-02,cella_coltura,Laboratorio B,37.53,0.234,,OK
2026-05-01 17:00:00,CULT-03,cella_coltura,Laboratorio B,36.81,0.19,,OK
2026-05-01 17:00:00,CRYO-01,banca_criogenica,Deposito C,-196.4,0.091,47.8,OK
2026-05-01 17:00:00,CRYO-02,banca_criogenica,Deposito C,-195.8,0.209,46.0,OK
2026-05-01 17:00:00,HVAC-01,hvac,Edificio Principale,21.13,0.438,,OK
2026-05-01 17:30:00,INC-01,incubatore,Laboratorio A,36.99,0.209,,OK
2026-05-01 17:30:00,INC-02,incubatore,Laboratorio A,37.27,0.45,,OK
2026-05-01 17:30:00,INC-03,incubatore,Laboratorio A,36.2,0.291,,OK
2026-05-01 17:30:00,INC-04,incubatore,Laboratorio A,36.7,0.558,,OK
2026-05-01 17:30:00,CULT-01,cella_coltura,Laboratorio B,36.44,0.969,,CRITICAL
2026-05-01 17:30:00,CULT-02,cella_coltura,Laboratorio B,37.1,0.177,,OK
2026-05-01 17:30:00,CULT-03,cella_coltura,Laboratorio B,37.17,0.136,,OK
2026-05-01 17:30:00,CRYO-01,banca_criogenica,Deposito C,-195.96,0.076,46.8,OK
2026-05-01 17:30:00,CRYO-02,banca_criogenica,Deposito C,-195.89,0.145,42.3,OK
2026-05-01 17:30:00,HVAC-01,hvac,Edificio Principale,21.21,0.556,,OK
2026-05-01 18:00:00,INC-01,incubatore,Laboratorio A,36.88,0.298,,OK
2026-05-01 18:00:00,INC-02,incubatore,Laboratorio A,37.02,0.493,,OK
2026-05-01 18:00:00,INC-03,incubatore,Laboratorio A,37.36,0.178,,OK
2026-05-01 18:00:00,INC-04,incubatore,Laboratorio A,36.66,0.492,,OK
2026-05-01 18:00:00,CULT-01,cella_coltura,Laboratorio B,36.72,0.811,,CRITICAL
2026-05-01 18:00:00,CULT-02,cella_coltura,Laboratorio B,37.15,0.222,,OK
2026-05-01 18:00:00,CULT-03,cella_coltura,Laboratorio B,37.23,0.114,,OK
2026-05-01 18:00:00,CRYO-01,banca_criogenica,Deposito C,-195.81,0.064,49.0,OK
2026-05-01 18:00:00,CRYO-02,banca_criogenica,Deposito C,-195.8,0.046,46.9,OK
2026-05-01 18:00:00,HVAC-01,hvac,Edificio Principale,21.51,0.534,,OK
2026-05-01 18:30:00,INC-01,incubatore,Laboratorio A,36.69,0.271,,OK
2026-05-01 18:30:00,INC-02,incubatore,Laboratorio A,36.86,0.327,,OK
2026-05-01 18:30:00,INC-03,incubatore,Laboratorio A,36.99,0.222,,OK
2026-05-01 18:30:00,INC-04,incubatore,Laboratorio A,37.31,0.423,,OK
2026-05-01 18:30:00,CULT-01,cella_coltura,Laboratorio B,36.49,0.898,,CRITICAL
2026-05-01 18:30:00,CULT-02,cella_coltura,Laboratorio B,36.99,0.139,,OK
2026-05-01 18:30:00,CULT-03,cella_coltura,Laboratorio B,36.67,0.177,,OK
2026-05-01 18:30:00,CRYO-01,banca_criogenica,Deposito C,-195.61,0.063,44.3,OK
2026-05-01 18:30:00,CRYO-02,banca_criogenica,Deposito C,-195.16,0.267,50.2,OK
2026-05-01 18:30:00,HVAC-01,hvac,Edificio Principale,20.99,0.522,,OK
2026-05-01 19:00:00,INC-01,incubatore,Laboratorio A,36.95,0.332,,OK
2026-05-01 19:00:00,INC-02,incubatore,Laboratorio A,37.22,0.325,,OK
2026-05-01 19:00:00,INC-03,incubatore,Laboratorio A,36.98,0.189,,OK
2026-05-01 19:00:00,INC-04,incubatore,Laboratorio A,37.2,0.599,,OK
2026-05-01 19:00:00,CULT-01,cella_coltura,Laboratorio B,37.32,0.885,,CRITICAL
2026-05-01 19:00:00,CULT-02,cella_coltura,Laboratorio B,36.33,0.211,,OK
2026-05-01 19:00:00,CULT-03,cella_coltura,Laboratorio B,37.32,0.119,,OK
2026-05-01 19:00:00,CRYO-01,banca_criogenica,Deposito C,-195.87,0.02,49.0,OK
2026-05-01 19:00:00,CRYO-02,banca_criogenica,Deposito C,-195.78,0.215,45.8,OK
2026-05-01 19:00:00,HVAC-01,hvac,Edificio Principale,21.42,0.55,,OK
2026-05-01 19:30:00,INC-01,incubatore,Laboratorio A,36.72,0.332,,OK
2026-05-01 19:30:00,INC-02,incubatore,Laboratorio A,37.41,0.383,,OK
2026-05-01 19:30:00,INC-03,incubatore,Laboratorio A,37.04,0.238,,OK
2026-05-01 19:30:00,INC-04,incubatore,Laboratorio A,37.13,0.476,,OK
2026-05-01 19:30:00,CULT-01,cella_coltura,Laboratorio B,36.21,0.915,,CRITICAL
2026-05-01 19:30:00,CULT-02,cella_coltura,Laboratorio B,36.63,0.203,,OK
2026-05-01 19:30:00,CULT-03,cella_coltura,Laboratorio B,36.83,0.135,,OK
2026-05-01 19:30:00,CRYO-01,banca_criogenica,Deposito C,-195.69,0.154,48.6,OK
2026-05-01 19:30:00,CRYO-02,banca_criogenica,Deposito C,-196.11,0.249,50.5,OK
2026-05-01 19:30:00,HVAC-01,hvac,Edificio Principale,20.54,0.367,,OK
2026-05-01 20:00:00,INC-01,incubatore,Laboratorio A,37.84,0.288,,OK
2026-05-01 20:00:00,INC-02,incubatore,Laboratorio A,37.39,0.452,,OK
2026-05-01 20:00:00,INC-03,incubatore,Laboratorio A,37.17,0.175,,OK
2026-05-01 20:00:00,INC-04,incubatore,Laboratorio A,36.73,0.507,,OK
2026-05-01 20:00:00,CULT-01,cella_coltura,Laboratorio B,37.56,0.206,,OK
2026-05-01 20:00:00,CULT-02,cella_coltura,Laboratorio B,37.56,0.115,,OK
2026-05-01 20:00:00,CULT-03,cella_coltura,Laboratorio B,36.84,0.068,,OK
2026-05-01 20:00:00,CRYO-01,banca_criogenica,Deposito C,-196.67,0.125,48.1,OK
2026-05-01 20:00:00,CRYO-02,banca_criogenica,Deposito C,-195.71,0.322,51.8,OK
2026-05-01 20:00:00,HVAC-01,hvac,Edificio Principale,20.93,0.571,,OK
2026-05-01 20:30:00,INC-01,incubatore,Laboratorio A,36.81,0.338,,OK
2026-05-01 20:30:00,INC-02,incubatore,Laboratorio A,36.96,0.369,,OK
2026-05-01 20:30:00,INC-03,incubatore,Laboratorio A,36.91,0.19,,OK
2026-05-01 20:30:00,INC-04,incubatore,Laboratorio A,37.69,0.468,,OK
2026-05-01 20:30:00,CULT-01,cella_coltura,Laboratorio B,36.97,0.073,,OK
2026-05-01 20:30:00,CULT-02,cella_coltura,Laboratorio B,37.18,0.207,,OK
2026-05-01 20:30:00,CULT-03,cella_coltura,Laboratorio B,36.74,0.248,,OK
2026-05-01 20:30:00,CRYO-01,banca_criogenica,Deposito C,-195.82,0,47.9,OK
2026-05-01 20:30:00,CRYO-02,banca_criogenica,Deposito C,-195.5,0.282,49.0,OK
2026-05-01 20:30:00,HVAC-01,hvac,Edificio Principale,20.95,0.453,,OK
2026-05-01 21:00:00,INC-01,incubatore,Laboratorio A,36.67,0.319,,OK
2026-05-01 21:00:00,INC-02,incubatore,Laboratorio A,36.83,0.306,,OK
2026-05-01 21:00:00,INC-03,incubatore,Laboratorio A,37.08,0.153,,OK
2026-05-01 21:00:00,INC-04,incubatore,Laboratorio A,37.0,0.557,,OK
2026-05-01 21:00:00,CULT-01,cella_coltura,Laboratorio B,37.07,0.145,,OK
2026-05-01 21:00:00,CULT-02,cella_coltura,Laboratorio B,36.8,0.269,,OK
2026-05-01 21:00:00,CULT-03,cella_coltura,Laboratorio B,37.15,0.121,,OK
2026-05-01 21:00:00,CRYO-01,banca_criogenica,Deposito C,-195.72,0.186,51.3,OK
2026-05-01 21:00:00,CRYO-02,banca_criogenica,Deposito C,-196.8,0.183,47.8,OK
2026-05-01 21:00:00,HVAC-01,hvac,Edificio Principale,20.9,0.515,,OK
2026-05-01 21:30:00,INC-01,incubatore,Laboratorio A,37.19,0.315,,OK
2026-05-01 21:30:00,INC-02,incubatore,Laboratorio A,37.05,0.364,,OK
2026-05-01 21:30:00,INC-03,incubatore,Laboratorio A,36.93,0.192,,OK
2026-05-01 21:30:00,INC-04,incubatore,Laboratorio A,36.87,0.467,,OK
2026-05-01 21:30:00,CULT-01,cella_coltura,Laboratorio B,36.49,0.132,,OK
2026-05-01 21:30:00,CULT-02,cella_coltura,Laboratorio B,36.82,0.236,,OK
2026-05-01 21:30:00,CULT-03,cella_coltura,Laboratorio B,36.73,0.206,,OK
2026-05-01 21:30:00,CRYO-01,banca_criogenica,Deposito C,-196.3,0.099,46.6,OK
2026-05-01 21:30:00,CRYO-02,banca_criogenica,Deposito C,-196.42,0.187,47.0,OK
2026-05-01 21:30:00,HVAC-01,hvac,Edificio Principale,20.9,0.448,,OK
2026-05-01 22:00:00,INC-01,incubatore,Laboratorio A,36.96,0.384,,OK
2026-05-01 22:00:00,INC-02,incubatore,Laboratorio A,36.96,0.372,,OK
2026-05-01 22:00:00,INC-03,incubatore,Laboratorio A,37.4,0.283,,OK
2026-05-01 22:00:00,INC-04,incubatore,Laboratorio A,37.52,0.553,,OK
2026-05-01 22:00:00,CULT-01,cella_coltura,Laboratorio B,37.11,0.159,,OK
2026-05-01 22:00:00,CULT-02,cella_coltura,Laboratorio B,37.02,0.218,,OK
2026-05-01 22:00:00,CULT-03,cella_coltura,Laboratorio B,36.89,0.122,,OK
2026-05-01 22:00:00,CRYO-01,banca_criogenica,Deposito C,-196.26,0.048,46.1,OK
2026-05-01 22:00:00,CRYO-02,banca_criogenica,Deposito C,-195.95,0.186,47.7,OK
2026-05-01 22:00:00,HVAC-01,hvac,Edificio Principale,20.95,0.537,,OK
2026-05-01 22:30:00,INC-01,incubatore,Laboratorio A,37.19,0.228,,OK
2026-05-01 22:30:00,INC-02,incubatore,Laboratorio A,36.72,0.416,,OK
2026-05-01 22:30:00,INC-03,incubatore,Laboratorio A,37.17,0.195,,OK
2026-05-01 22:30:00,INC-04,incubatore,Laboratorio A,37.08,0.502,,OK
2026-05-01 22:30:00,CULT-01,cella_coltura,Laboratorio B,37.45,0.165,,OK
2026-05-01 22:30:00,CULT-02,cella_coltura,Laboratorio B,36.84,0.14,,OK
2026-05-01 22:30:00,CULT-03,cella_coltura,Laboratorio B,37.0,0.125,,OK
2026-05-01 22:30:00,CRYO-01,banca_criogenica,Deposito C,-196.29,0.047,47.3,OK
2026-05-01 22:30:00,CRYO-02,banca_criogenica,Deposito C,-195.47,0.223,49.8,OK
2026-05-01 22:30:00,HVAC-01,hvac,Edificio Principale,20.17,0.479,,OK
2026-05-01 23:00:00,INC-01,incubatore,Laboratorio A,37.22,0.341,,OK
2026-05-01 23:00:00,INC-02,incubatore,Laboratorio A,36.98,0.329,,OK
2026-05-01 23:00:00,INC-03,incubatore,Laboratorio A,36.72,0.206,,OK
2026-05-01 23:00:00,INC-04,incubatore,Laboratorio A,37.01,0.473,,OK
2026-05-01 23:00:00,CULT-01,cella_coltura,Laboratorio B,37.1,0.107,,OK
2026-05-01 23:00:00,CULT-02,cella_coltura,Laboratorio B,37.33,0.107,,OK
2026-05-01 23:00:00,CULT-03,cella_coltura,Laboratorio B,37.09,0.08,,OK
2026-05-01 23:00:00,CRYO-01,banca_criogenica,Deposito C,-195.77,0.063,50.4,OK
2026-05-01 23:00:00,CRYO-02,banca_criogenica,Deposito C,-196.36,0.176,49.2,OK
2026-05-01 23:00:00,HVAC-01,hvac,Edificio Principale,21.35,0.479,,OK
2026-05-01 23:30:00,INC-01,incubatore,Laboratorio A,37.3,0.283,,OK
2026-05-01 23:30:00,INC-02,incubatore,Laboratorio A,36.88,0.368,,OK
2026-05-01 23:30:00,INC-03,incubatore,Laboratorio A,37.2,0.242,,OK
2026-05-01 23:30:00,INC-04,incubatore,Laboratorio A,37.25,0.462,,OK
2026-05-01 23:30:00,CULT-01,cella_coltura,Laboratorio B,37.53,0.187,,OK
2026-05-01 23:30:00,CULT-02,cella_coltura,Laboratorio B,36.75,0.165,,OK
2026-05-01 23:30:00,CULT-03,cella_coltura,Laboratorio B,37.4,0.127,,OK
2026-05-01 23:30:00,CRYO-01,banca_criogenica,Deposito C,-195.57,0.035,49.8,OK
2026-05-01 23:30:00,CRYO-02,banca_criogenica,Deposito C,-195.86,0.234,50.0,OK
2026-05-01 23:30:00,HVAC-01,hvac,Edificio Principale,21.03,0.448,,OK
2026-05-02 00:00:00,INC-01,incubatore,Laboratorio A,36.9,0.242,,OK
2026-05-02 00:00:00,INC-02,incubatore,Laboratorio A,37.3,0.358,,OK
2026-05-02 00:00:00,INC-03,incubatore,Laboratorio A,37.13,0.226,,OK
2026-05-02 00:00:00,INC-04,incubatore,Laboratorio A,36.79,0.491,,OK
2026-05-02 00:00:00,CULT-01,cella_coltura,Laboratorio B,36.86,0.059,,OK
2026-05-02 00:00:00,CULT-02,cella_coltura,Laboratorio B,36.9,0.173,,OK
2026-05-02 00:00:00,CULT-03,cella_coltura,Laboratorio B,37.17,0.07,,OK
2026-05-02 00:00:00,CRYO-01,banca_criogenica,Deposito C,-196.16,0.103,48.7,OK
2026-05-02 00:00:00,CRYO-02,banca_criogenica,Deposito C,-195.95,0.191,45.8,OK
2026-05-02 00:00:00,HVAC-01,hvac,Edificio Principale,16.91,0.515,,CRITICAL
2026-05-02 00:30:00,INC-01,incubatore,Laboratorio A,36.73,0.367,,OK
2026-05-02 00:30:00,INC-02,incubatore,Laboratorio A,37.11,0.357,,OK
2026-05-02 00:30:00,INC-03,incubatore,Laboratorio A,37.11,0.157,,OK
2026-05-02 00:30:00,INC-04,incubatore,Laboratorio A,36.91,0.511,,OK
2026-05-02 00:30:00,CULT-01,cella_coltura,Laboratorio B,37.51,0.105,,OK
2026-05-02 00:30:00,CULT-02,cella_coltura,Laboratorio B,36.98,0.143,,OK
2026-05-02 00:30:00,CULT-03,cella_coltura,Laboratorio B,37.32,0.13,,OK
2026-05-02 00:30:00,CRYO-01,banca_criogenica,Deposito C,-195.97,0.116,50.0,OK
2026-05-02 00:30:00,CRYO-02,banca_criogenica,Deposito C,-195.55,0.22,48.3,OK
2026-05-02 00:30:00,HVAC-01,hvac,Edificio Principale,17.02,0.53,,CRITICAL
2026-05-02 01:00:00,INC-01,incubatore,Laboratorio A,37.17,0.216,,OK
2026-05-02 01:00:00,INC-02,incubatore,Laboratorio A,36.85,0.385,,OK
2026-05-02 01:00:00,INC-03,incubatore,Laboratorio A,36.62,0.146,,OK
2026-05-02 01:00:00,INC-04,incubatore,Laboratorio A,36.61,0.487,,OK
2026-05-02 01:00:00,CULT-01,cella_coltura,Laboratorio B,36.88,0.095,,OK
2026-05-02 01:00:00,CULT-02,cella_coltura,Laboratorio B,36.99,0.214,,OK
2026-05-02 01:00:00,CULT-03,cella_coltura,Laboratorio B,37.25,0.115,,OK
2026-05-02 01:00:00,CRYO-01,banca_criogenica,Deposito C,-196.1,0.008,45.2,OK
2026-05-02 01:00:00,CRYO-02,banca_criogenica,Deposito C,-196.17,0.163,43.3,OK
2026-05-02 01:00:00,HVAC-01,hvac,Edificio Principale,16.9,0.567,,CRITICAL
2026-05-02 01:30:00,INC-01,incubatore,Laboratorio A,37.02,0.352,,OK
2026-05-02 01:30:00,INC-02,incubatore,Laboratorio A,36.75,0.372,,OK
2026-05-02 01:30:00,INC-03,incubatore,Laboratorio A,36.4,0.199,,OK
2026-05-02 01:30:00,INC-04,incubatore,Laboratorio A,36.37,0.43,,OK
2026-05-02 01:30:00,CULT-01,cella_coltura,Laboratorio B,37.49,0.08,,OK
2026-05-02 01:30:00,CULT-02,cella_coltura,Laboratorio B,36.53,0.241,,OK
2026-05-02 01:30:00,CULT-03,cella_coltura,Laboratorio B,37.1,0,,OK
2026-05-02 01:30:00,CRYO-01,banca_criogenica,Deposito C,-195.87,0.079,49.9,OK
2026-05-02 01:30:00,CRYO-02,banca_criogenica,Deposito C,-195.94,0.247,48.9,OK
2026-05-02 01:30:00,HVAC-01,hvac,Edificio Principale,16.73,0.569,,CRITICAL
2026-05-02 02:00:00,INC-01,incubatore,Laboratorio A,36.33,0.292,,OK
2026-05-02 02:00:00,INC-02,incubatore,Laboratorio A,37.34,0.372,,OK
2026-05-02 02:00:00,INC-03,incubatore,Laboratorio A,36.98,0.266,,OK
2026-05-02 02:00:00,INC-04,incubatore,Laboratorio A,37.29,0.518,,OK
2026-05-02 02:00:00,CULT-01,cella_coltura,Laboratorio B,37.24,0.211,,OK
2026-05-02 02:00:00,CULT-02,cella_coltura,Laboratorio B,37.0,0.217,,OK
2026-05-02 02:00:00,CULT-03,cella_coltura,Laboratorio B,36.97,0.054,,OK
2026-05-02 02:00:00,CRYO-01,banca_criogenica,Deposito C,-196.04,0.078,48.6,OK
2026-05-02 02:00:00,CRYO-02,banca_criogenica,Deposito C,-196.27,0.18,46.2,OK
2026-05-02 02:00:00,HVAC-01,hvac,Edificio Principale,16.88,0.5,,CRITICAL
2026-05-02 02:30:00,INC-01,incubatore,Laboratorio A,36.92,0.247,,OK
2026-05-02 02:30:00,INC-02,incubatore,Laboratorio A,37.18,0.447,,OK
2026-05-02 02:30:00,INC-03,incubatore,Laboratorio A,36.77,0.248,,OK
2026-05-02 02:30:00,INC-04,incubatore,Laboratorio A,37.16,0.424,,OK
2026-05-02 02:30:00,CULT-01,cella_coltura,Laboratorio B,37.1,0.125,,OK
2026-05-02 02:30:00,CULT-02,cella_coltura,Laboratorio B,36.83,0.236,,OK
2026-05-02 02:30:00,CULT-03,cella_coltura,Laboratorio B,37.14,0.147,,OK
2026-05-02 02:30:00,CRYO-01,banca_criogenica,Deposito C,-195.66,0.202,49.1,OK
2026-05-02 02:30:00,CRYO-02,banca_criogenica,Deposito C,-196.41,0.201,48.1,OK
2026-05-02 02:30:00,HVAC-01,hvac,Edificio Principale,16.93,0.471,,CRITICAL
2026-05-02 03:00:00,INC-01,incubatore,Laboratorio A,36.95,0.178,,OK
2026-05-02 03:00:00,INC-02,incubatore,Laboratorio A,36.93,0.348,,OK
2026-05-02 03:00:00,INC-03,incubatore,Laboratorio A,37.06,0.262,,OK
2026-05-02 03:00:00,INC-04,incubatore,Laboratorio A,37.39,0.513,,OK
2026-05-02 03:00:00,CULT-01,cella_coltura,Laboratorio B,36.77,0.187,,OK
2026-05-02 03:00:00,CULT-02,cella_coltura,Laboratorio B,37.24,0.232,,OK
2026-05-02 03:00:00,CULT-03,cella_coltura,Laboratorio B,36.66,0.201,,OK
2026-05-02 03:00:00,CRYO-01,banca_criogenica,Deposito C,-196.08,0.095,49.3,OK
2026-05-02 03:00:00,CRYO-02,banca_criogenica,Deposito C,-195.95,0.139,47.1,OK
2026-05-02 03:00:00,HVAC-01,hvac,Edificio Principale,16.76,0.516,,CRITICAL
2026-05-02 03:30:00,INC-01,incubatore,Laboratorio A,37.16,0.261,,OK
2026-05-02 03:30:00,INC-02,incubatore,Laboratorio A,37.47,0.425,,OK
2026-05-02 03:30:00,INC-03,incubatore,Laboratorio A,36.91,0.17,,OK
2026-05-02 03:30:00,INC-04,incubatore,Laboratorio A,37.41,0.554,,OK
2026-05-02 03:30:00,CULT-01,cella_coltura,Laboratorio B,36.49,0.23,,OK
2026-05-02 03:30:00,CULT-02,cella_coltura,Laboratorio B,36.84,0.211,,OK
2026-05-02 03:30:00,CULT-03,cella_coltura,Laboratorio B,37.21,0.09,,OK
2026-05-02 03:30:00,CRYO-01,banca_criogenica,Deposito C,-195.87,0.123,47.0,OK
2026-05-02 03:30:00,CRYO-02,banca_criogenica,Deposito C,-195.89,0.244,47.8,OK
2026-05-02 03:30:00,HVAC-01,hvac,Edificio Principale,16.91,0.492,,CRITICAL
2026-05-02 04:00:00,INC-01,incubatore,Laboratorio A,36.66,0.179,,OK
2026-05-02 04:00:00,INC-02,incubatore,Laboratorio A,37.11,0.388,,OK
2026-05-02 04:00:00,INC-03,incubatore,Laboratorio A,37.3,0.224,,OK
2026-05-02 04:00:00,INC-04,incubatore,Laboratorio A,37.34,0.517,,OK
2026-05-02 04:00:00,CULT-01,cella_coltura,Laboratorio B,37.22,0.188,,OK
2026-05-02 04:00:00,CULT-02,cella_coltura,Laboratorio B,36.88,0.188,,OK
2026-05-02 04:00:00,CULT-03,cella_coltura,Laboratorio B,36.55,0.196,,OK
2026-05-02 04:00:00,CRYO-01,banca_criogenica,Deposito C,-195.94,0.11,46.9,OK
2026-05-02 04:00:00,CRYO-02,banca_criogenica,Deposito C,-195.87,0.208,49.9,OK
2026-05-02 04:00:00,HVAC-01,hvac,Edificio Principale,16.98,0.459,,CRITICAL
2026-05-02 04:30:00,INC-01,incubatore,Laboratorio A,36.72,0.332,,OK
2026-05-02 04:30:00,INC-02,incubatore,Laboratorio A,37.07,0.386,,OK
2026-05-02 04:30:00,INC-03,incubatore,Laboratorio A,36.67,0.125,,OK
2026-05-02 04:30:00,INC-04,incubatore,Laboratorio A,37.38,0.48,,OK
2026-05-02 04:30:00,CULT-01,cella_coltura,Laboratorio B,36.8,0.144,,OK
2026-05-02 04:30:00,CULT-02,cella_coltura,Laboratorio B,36.63,0.286,,OK
2026-05-02 04:30:00,CULT-03,cella_coltura,Laboratorio B,37.22,0.169,,OK
2026-05-02 04:30:00,CRYO-01,banca_criogenica,Deposito C,-195.72,0.063,47.3,OK
2026-05-02 04:30:00,CRYO-02,banca_criogenica,Deposito C,-196.14,0.22,48.8,OK
2026-05-02 04:30:00,HVAC-01,hvac,Edificio Principale,17.3,0.519,,CRITICAL
2026-05-02 05:00:00,INC-01,incubatore,Laboratorio A,37.04,0.401,,OK
2026-05-02 05:00:00,INC-02,incubatore,Laboratorio A,37.15,0.442,,OK
2026-05-02 05:00:00,INC-03,incubatore,Laboratorio A,37.39,0.218,,OK
2026-05-02 05:00:00,INC-04,incubatore,Laboratorio A,36.98,0.545,,OK
2026-05-02 05:00:00,CULT-01,cella_coltura,Laboratorio B,36.73,0.219,,OK
2026-05-02 05:00:00,CULT-02,cella_coltura,Laboratorio B,37.19,0.265,,OK
2026-05-02 05:00:00,CULT-03,cella_coltura,Laboratorio B,36.77,0.097,,OK
2026-05-02 05:00:00,CRYO-01,banca_criogenica,Deposito C,-196.22,0.111,47.6,OK
2026-05-02 05:00:00,CRYO-02,banca_criogenica,Deposito C,-196.36,0.313,46.8,OK
2026-05-02 05:00:00,HVAC-01,hvac,Edificio Principale,16.72,0.38,,CRITICAL
2026-05-02 05:30:00,INC-01,incubatore,Laboratorio A,37.14,0.375,,OK
2026-05-02 05:30:00,INC-02,incubatore,Laboratorio A,37.65,0.449,,OK
2026-05-02 05:30:00,INC-03,incubatore,Laboratorio A,36.95,0.156,,OK
2026-05-02 05:30:00,INC-04,incubatore,Laboratorio A,36.86,0.531,,OK
2026-05-02 05:30:00,CULT-01,cella_coltura,Laboratorio B,37.17,0.209,,OK
2026-05-02 05:30:00,CULT-02,cella_coltura,Laboratorio B,36.88,0.229,,OK
2026-05-02 05:30:00,CULT-03,cella_coltura,Laboratorio B,37.55,0.052,,OK
2026-05-02 05:30:00,CRYO-01,banca_criogenica,Deposito C,-195.91,0.115,47.2,OK
2026-05-02 05:30:00,CRYO-02,banca_criogenica,Deposito C,-195.88,0.232,48.6,OK
2026-05-02 05:30:00,HVAC-01,hvac,Edificio Principale,17.38,0.488,,CRITICAL
2026-05-02 06:00:00,INC-01,incubatore,Laboratorio A,36.64,0.256,,OK
2026-05-02 06:00:00,INC-02,incubatore,Laboratorio A,37.06,0.359,,OK
2026-05-02 06:00:00,INC-03,incubatore,Laboratorio A,37.38,0.129,,OK
2026-05-02 06:00:00,INC-04,incubatore,Laboratorio A,37.14,0.563,,OK
2026-05-02 06:00:00,CULT-01,cella_coltura,Laboratorio B,36.54,0.113,,OK
2026-05-02 06:00:00,CULT-02,cella_coltura,Laboratorio B,37.39,0.142,,OK
2026-05-02 06:00:00,CULT-03,cella_coltura,Laboratorio B,37.35,0.155,,OK
2026-05-02 06:00:00,CRYO-01,banca_criogenica,Deposito C,-196.39,0.046,50.2,OK
2026-05-02 06:00:00,CRYO-02,banca_criogenica,Deposito C,-195.79,0.168,48.0,OK
2026-05-02 06:00:00,HVAC-01,hvac,Edificio Principale,17.19,0.513,,CRITICAL
2026-05-02 06:30:00,INC-01,incubatore,Laboratorio A,36.63,0.296,,OK
2026-05-02 06:30:00,INC-02,incubatore,Laboratorio A,37.16,0.387,,OK
2026-05-02 06:30:00,INC-03,incubatore,Laboratorio A,37.06,0.178,,OK
2026-05-02 06:30:00,INC-04,incubatore,Laboratorio A,37.0,0.554,,OK
2026-05-02 06:30:00,CULT-01,cella_coltura,Laboratorio B,37.03,0.127,,OK
2026-05-02 06:30:00,CULT-02,cella_coltura,Laboratorio B,36.65,0.234,,OK
2026-05-02 06:30:00,CULT-03,cella_coltura,Laboratorio B,37.13,0.095,,OK
2026-05-02 06:30:00,CRYO-01,banca_criogenica,Deposito C,-195.87,0.112,52.1,OK
2026-05-02 06:30:00,CRYO-02,banca_criogenica,Deposito C,-196.05,0.145,47.9,OK
2026-05-02 06:30:00,HVAC-01,hvac,Edificio Principale,17.15,0.492,,CRITICAL
2026-05-02 07:00:00,INC-01,incubatore,Laboratorio A,36.91,0.262,,OK
2026-05-02 07:00:00,INC-02,incubatore,Laboratorio A,36.97,0.523,,OK
2026-05-02 07:00:00,INC-03,incubatore,Laboratorio A,36.93,0.282,,OK
2026-05-02 07:00:00,INC-04,incubatore,Laboratorio A,36.09,0.477,,OK
2026-05-02 07:00:00,CULT-01,cella_coltura,Laboratorio B,36.81,0.109,,OK
2026-05-02 07:00:00,CULT-02,cella_coltura,Laboratorio B,37.0,0.133,,OK
2026-05-02 07:00:00,CULT-03,cella_coltura,Laboratorio B,37.09,0.191,,OK
2026-05-02 07:00:00,CRYO-01,banca_criogenica,Deposito C,-196.61,0.011,46.4,OK
2026-05-02 07:00:00,CRYO-02,banca_criogenica,Deposito C,-196.34,0.213,48.7,OK
2026-05-02 07:00:00,HVAC-01,hvac,Edificio Principale,17.06,0.52,,CRITICAL
2026-05-02 07:30:00,INC-01,incubatore,Laboratorio A,37.18,0.258,,OK
2026-05-02 07:30:00,INC-02,incubatore,Laboratorio A,36.61,0.397,,OK
2026-05-02 07:30:00,INC-03,incubatore,Laboratorio A,37.74,0.153,,OK
2026-05-02 07:30:00,INC-04,incubatore,Laboratorio A,37.12,0.673,,WARNING
2026-05-02 07:30:00,CULT-01,cella_coltura,Laboratorio B,37.01,0.123,,OK
2026-05-02 07:30:00,CULT-02,cella_coltura,Laboratorio B,36.77,0.186,,OK
2026-05-02 07:30:00,CULT-03,cella_coltura,Laboratorio B,37.28,0.109,,OK
2026-05-02 07:30:00,CRYO-01,banca_criogenica,Deposito C,-196.61,0.043,45.8,OK
2026-05-02 07:30:00,CRYO-02,banca_criogenica,Deposito C,-196.4,0.225,46.9,OK
2026-05-02 07:30:00,HVAC-01,hvac,Edificio Principale,17.06,0.423,,CRITICAL
2026-05-02 08:00:00,INC-01,incubatore,Laboratorio A,36.67,0.301,,OK
2026-05-02 08:00:00,INC-02,incubatore,Laboratorio A,39.68,0.364,,CRITICAL
2026-05-02 08:00:00,INC-03,incubatore,Laboratorio A,37.09,0.207,,OK
2026-05-02 08:00:00,INC-04,incubatore,Laboratorio A,36.89,0.487,,OK
2026-05-02 08:00:00,CULT-01,cella_coltura,Laboratorio B,36.88,0.165,,OK
2026-05-02 08:00:00,CULT-02,cella_coltura,Laboratorio B,36.91,0.26,,OK
2026-05-02 08:00:00,CULT-03,cella_coltura,Laboratorio B,36.63,0.117,,OK
2026-05-02 08:00:00,CRYO-01,banca_criogenica,Deposito C,-196.22,0.105,49.3,OK
2026-05-02 08:00:00,CRYO-02,banca_criogenica,Deposito C,-195.67,0.168,50.3,OK
2026-05-02 08:00:00,HVAC-01,hvac,Edificio Principale,17.47,0.485,,CRITICAL
2026-05-02 08:30:00,INC-01,incubatore,Laboratorio A,36.9,0.305,,OK
2026-05-02 08:30:00,INC-02,incubatore,Laboratorio A,39.79,0.447,,CRITICAL
2026-05-02 08:30:00,INC-03,incubatore,Laboratorio A,37.27,0.297,,OK
2026-05-02 08:30:00,INC-04,incubatore,Laboratorio A,37.05,0.445,,OK
2026-05-02 08:30:00,CULT-01,cella_coltura,Laboratorio B,37.49,0.163,,OK
2026-05-02 08:30:00,CULT-02,cella_coltura,Laboratorio B,37.18,0.265,,OK
2026-05-02 08:30:00,CULT-03,cella_coltura,Laboratorio B,37.23,0.131,,OK
2026-05-02 08:30:00,CRYO-01,banca_criogenica,Deposito C,-195.27,0.084,50.2,OK
2026-05-02 08:30:00,CRYO-02,banca_criogenica,Deposito C,-195.76,0.26,49.3,OK
2026-05-02 08:30:00,HVAC-01,hvac,Edificio Principale,17.4,0.457,,CRITICAL
2026-05-02 09:00:00,INC-01,incubatore,Laboratorio A,36.91,0.35,,OK
2026-05-02 09:00:00,INC-02,incubatore,Laboratorio A,39.72,0.409,,CRITICAL
2026-05-02 09:00:00,INC-03,incubatore,Laboratorio A,37.02,0.203,,OK
2026-05-02 09:00:00,INC-04,incubatore,Laboratorio A,36.76,0.545,,OK
2026-05-02 09:00:00,CULT-01,cella_coltura,Laboratorio B,37.34,0.203,,OK
2026-05-02 09:00:00,CULT-02,cella_coltura,Laboratorio B,36.94,0.247,,OK
2026-05-02 09:00:00,CULT-03,cella_coltura,Laboratorio B,37.65,0.056,,OK
2026-05-02 09:00:00,CRYO-01,banca_criogenica,Deposito C,-196.05,0.224,48.2,OK
2026-05-02 09:00:00,CRYO-02,banca_criogenica,Deposito C,-195.59,0.221,49.6,OK
2026-05-02 09:00:00,HVAC-01,hvac,Edificio Principale,17.2,0.519,,CRITICAL
2026-05-02 09:30:00,INC-01,incubatore,Laboratorio A,36.75,0.276,,OK
2026-05-02 09:30:00,INC-02,incubatore,Laboratorio A,39.33,0.41,,CRITICAL
2026-05-02 09:30:00,INC-03,incubatore,Laboratorio A,37.41,0.232,,OK
2026-05-02 09:30:00,INC-04,incubatore,Laboratorio A,37.19,0.481,,OK
2026-05-02 09:30:00,CULT-01,cella_coltura,Laboratorio B,37.09,0.152,,OK
2026-05-02 09:30:00,CULT-02,cella_coltura,Laboratorio B,36.93,0.212,,OK
2026-05-02 09:30:00,CULT-03,cella_coltura,Laboratorio B,37.14,0.099,,OK
2026-05-02 09:30:00,CRYO-01,banca_criogenica,Deposito C,-195.65,0.154,48.6,OK
2026-05-02 09:30:00,CRYO-02,banca_criogenica,Deposito C,-195.73,0.188,45.4,OK
2026-05-02 09:30:00,HVAC-01,hvac,Edificio Principale,17.45,0.537,,CRITICAL
2026-05-02 10:00:00,INC-01,incubatore,Laboratorio A,36.82,0.204,,OK
2026-05-02 10:00:00,INC-02,incubatore,Laboratorio A,39.64,0.493,,CRITICAL
2026-05-02 10:00:00,INC-03,incubatore,Laboratorio A,37.07,0.213,,OK
2026-05-02 10:00:00,INC-04,incubatore,Laboratorio A,36.72,0.467,,OK
2026-05-02 10:00:00,CULT-01,cella_coltura,Laboratorio B,36.58,0.193,,OK
2026-05-02 10:00:00,CULT-02,cella_coltura,Laboratorio B,36.91,0.201,,OK
2026-05-02 10:00:00,CULT-03,cella_coltura,Laboratorio B,37.33,0.216,,OK
2026-05-02 10:00:00,CRYO-01,banca_criogenica,Deposito C,-195.73,0.093,45.3,OK
2026-05-02 10:00:00,CRYO-02,banca_criogenica,Deposito C,-195.51,0.194,46.5,OK
2026-05-02 10:00:00,HVAC-01,hvac,Edificio Principale,16.7,0.438,,CRITICAL
2026-05-02 10:30:00,INC-01,incubatore,Laboratorio A,36.78,0.235,,OK
2026-05-02 10:30:00,INC-02,incubatore,Laboratorio A,39.42,0.445,,CRITICAL
2026-05-02 10:30:00,INC-03,incubatore,Laboratorio A,37.07,0.219,,OK
2026-05-02 10:30:00,INC-04,incubatore,Laboratorio A,37.22,0.506,,OK
2026-05-02 10:30:00,CULT-01,cella_coltura,Laboratorio B,37.1,0.17,,OK
2026-05-02 10:30:00,CULT-02,cella_coltura,Laboratorio B,37.31,0.182,,OK
2026-05-02 10:30:00,CULT-03,cella_coltura,Laboratorio B,37.37,0.155,,OK
2026-05-02 10:30:00,CRYO-01,banca_criogenica,Deposito C,-196.09,0.091,48.2,OK
2026-05-02 10:30:00,CRYO-02,banca_criogenica,Deposito C,-195.85,0.285,51.0,OK
2026-05-02 10:30:00,HVAC-01,hvac,Edificio Principale,16.56,0.466,,CRITICAL
2026-05-02 11:00:00,INC-01,incubatore,Laboratorio A,37.13,0.281,,OK
2026-05-02 11:00:00,INC-02,incubatore,Laboratorio A,39.23,0.379,,CRITICAL
2026-05-02 11:00:00,INC-03,incubatore,Laboratorio A,36.72,0.232,,OK
2026-05-02 11:00:00,INC-04,incubatore,Laboratorio A,37.06,0.458,,OK
2026-05-02 11:00:00,CULT-01,cella_coltura,Laboratorio B,37.18,0.077,,OK
2026-05-02 11:00:00,CULT-02,cella_coltura,Laboratorio B,36.93,0.244,,OK
2026-05-02 11:00:00,CULT-03,cella_coltura,Laboratorio B,37.33,0.11,,OK
2026-05-02 11:00:00,CRYO-01,banca_criogenica,Deposito C,-196.07,0.106,46.6,OK
2026-05-02 11:00:00,CRYO-02,banca_criogenica,Deposito C,-196.22,0.195,47.7,OK
2026-05-02 11:00:00,HVAC-01,hvac,Edificio Principale,17.43,0.483,,CRITICAL
2026-05-02 11:30:00,INC-01,incubatore,Laboratorio A,37.3,0.372,,OK
2026-05-02 11:30:00,INC-02,incubatore,Laboratorio A,39.83,0.356,,CRITICAL
2026-05-02 11:30:00,INC-03,incubatore,Laboratorio A,36.82,0.212,,OK
2026-05-02 11:30:00,INC-04,incubatore,Laboratorio A,37.4,0.437,,OK
2026-05-02 11:30:00,CULT-01,cella_coltura,Laboratorio B,37.12,0.125,,OK
2026-05-02 11:30:00,CULT-02,cella_coltura,Laboratorio B,37.28,0.208,,OK
2026-05-02 11:30:00,CULT-03,cella_coltura,Laboratorio B,37.02,0.087,,OK
2026-05-02 11:30:00,CRYO-01,banca_criogenica,Deposito C,-195.85,0.007,48.3,OK
2026-05-02 11:30:00,CRYO-02,banca_criogenica,Deposito C,-195.97,0.194,49.3,OK
2026-05-02 11:30:00,HVAC-01,hvac,Edificio Principale,17.35,0.454,,CRITICAL
2026-05-02 12:00:00,INC-01,incubatore,Laboratorio A,37.21,0.344,,OK
2026-05-02 12:00:00,INC-02,incubatore,Laboratorio A,39.73,0.389,,CRITICAL
2026-05-02 12:00:00,INC-03,incubatore,Laboratorio A,37.67,0.191,,OK
2026-05-02 12:00:00,INC-04,incubatore,Laboratorio A,36.85,0.567,,OK
2026-05-02 12:00:00,CULT-01,cella_coltura,Laboratorio B,37.17,0.126,,OK
2026-05-02 12:00:00,CULT-02,cella_coltura,Laboratorio B,36.99,0.233,,OK
2026-05-02 12:00:00,CULT-03,cella_coltura,Laboratorio B,36.92,0.155,,OK
2026-05-02 12:00:00,CRYO-01,banca_criogenica,Deposito C,-195.9,0.131,48.4,OK
2026-05-02 12:00:00,CRYO-02,banca_criogenica,Deposito C,-195.95,0.244,48.5,OK
2026-05-02 12:00:00,HVAC-01,hvac,Edificio Principale,20.69,0.458,,OK
2026-05-02 12:30:00,INC-01,incubatore,Laboratorio A,37.26,0.277,,OK
2026-05-02 12:30:00,INC-02,incubatore,Laboratorio A,39.75,0.436,,CRITICAL
2026-05-02 12:30:00,INC-03,incubatore,Laboratorio A,37.18,0.136,,OK
2026-05-02 12:30:00,INC-04,incubatore,Laboratorio A,36.97,0.489,,OK
2026-05-02 12:30:00,CULT-01,cella_coltura,Laboratorio B,37.03,0.159,,OK
2026-05-02 12:30:00,CULT-02,cella_coltura,Laboratorio B,37.01,0.219,,OK
2026-05-02 12:30:00,CULT-03,cella_coltura,Laboratorio B,36.68,0.095,,OK
2026-05-02 12:30:00,CRYO-01,banca_criogenica,Deposito C,-196.31,0.084,47.1,OK
2026-05-02 12:30:00,CRYO-02,banca_criogenica,Deposito C,-196.02,0.215,47.9,OK
2026-05-02 12:30:00,HVAC-01,hvac,Edificio Principale,20.91,0.533,,OK
2026-05-02 13:00:00,INC-01,incubatore,Laboratorio A,37.44,0.251,,OK
2026-05-02 13:00:00,INC-02,incubatore,Laboratorio A,39.58,0.445,,CRITICAL
2026-05-02 13:00:00,INC-03,incubatore,Laboratorio A,37.25,0.171,,OK
2026-05-02 13:00:00,INC-04,incubatore,Laboratorio A,37.22,0.463,,OK
2026-05-02 13:00:00,CULT-01,cella_coltura,Laboratorio B,36.9,0.207,,OK
2026-05-02 13:00:00,CULT-02,cella_coltura,Laboratorio B,36.93,0.123,,OK
2026-05-02 13:00:00,CULT-03,cella_coltura,Laboratorio B,37.03,0.072,,OK
2026-05-02 13:00:00,CRYO-01,banca_criogenica,Deposito C,-195.85,0.128,46.7,OK
2026-05-02 13:00:00,CRYO-02,banca_criogenica,Deposito C,-196.38,0.223,49.4,OK
2026-05-02 13:00:00,HVAC-01,hvac,Edificio Principale,20.67,0.454,,OK
2026-05-02 13:30:00,INC-01,incubatore,Laboratorio A,37.53,0.348,,OK
2026-05-02 13:30:00,INC-02,incubatore,Laboratorio A,39.34,0.494,,CRITICAL
2026-05-02 13:30:00,INC-03,incubatore,Laboratorio A,37.3,0.179,,OK
2026-05-02 13:30:00,INC-04,incubatore,Laboratorio A,37.06,0.485,,OK
2026-05-02 13:30:00,CULT-01,cella_coltura,Laboratorio B,37.13,0.193,,OK
2026-05-02 13:30:00,CULT-02,cella_coltura,Laboratorio B,36.93,0.093,,OK
2026-05-02 13:30:00,CULT-03,cella_coltura,Laboratorio B,36.87,0.07,,OK
2026-05-02 13:30:00,CRYO-01,banca_criogenica,Deposito C,-196.31,0.106,46.5,OK
2026-05-02 13:30:00,CRYO-02,banca_criogenica,Deposito C,-196.0,0.103,45.9,OK
2026-05-02 13:30:00,HVAC-01,hvac,Edificio Principale,21.64,0.447,,OK
2026-05-02 14:00:00,INC-01,incubatore,Laboratorio A,37.28,0.286,,OK
2026-05-02 14:00:00,INC-02,incubatore,Laboratorio A,36.95,0.343,,OK
2026-05-02 14:00:00,INC-03,incubatore,Laboratorio A,37.53,0.185,,OK
2026-05-02 14:00:00,INC-04,incubatore,Laboratorio A,36.95,0.495,,OK
2026-05-02 14:00:00,CULT-01,cella_coltura,Laboratorio B,36.9,0.134,,OK
2026-05-02 14:00:00,CULT-02,cella_coltura,Laboratorio B,37.02,0.157,,OK
2026-05-02 14:00:00,CULT-03,cella_coltura,Laboratorio B,36.49,0.113,,OK
2026-05-02 14:00:00,CRYO-01,banca_criogenica,Deposito C,-195.8,0.131,49.8,OK
2026-05-02 14:00:00,CRYO-02,banca_criogenica,Deposito C,-196.19,0.292,48.8,OK
2026-05-02 14:00:00,HVAC-01,hvac,Edificio Principale,21.38,0.487,,OK
2026-05-02 14:30:00,INC-01,incubatore,Laboratorio A,36.77,0.259,,OK
2026-05-02 14:30:00,INC-02,incubatore,Laboratorio A,37.41,0.393,,OK
2026-05-02 14:30:00,INC-03,incubatore,Laboratorio A,37.48,0.136,,OK
2026-05-02 14:30:00,INC-04,incubatore,Laboratorio A,36.67,0.602,,WARNING
2026-05-02 14:30:00,CULT-01,cella_coltura,Laboratorio B,37.08,0.166,,OK
2026-05-02 14:30:00,CULT-02,cella_coltura,Laboratorio B,37.39,0.184,,OK
2026-05-02 14:30:00,CULT-03,cella_coltura,Laboratorio B,37.41,0.036,,OK
2026-05-02 14:30:00,CRYO-01,banca_criogenica,Deposito C,-196.25,0.098,48.0,OK
2026-05-02 14:30:00,CRYO-02,banca_criogenica,Deposito C,-195.89,0.269,47.9,OK
2026-05-02 14:30:00,HVAC-01,hvac,Edificio Principale,20.7,0.549,,OK
2026-05-02 15:00:00,INC-01,incubatore,Laboratorio A,37.04,0.265,,OK
2026-05-02 15:00:00,INC-02,incubatore,Laboratorio A,36.72,0.412,,OK
2026-05-02 15:00:00,INC-03,incubatore,Laboratorio A,37.05,0.308,,OK
2026-05-02 15:00:00,INC-04,incubatore,Laboratorio A,37.1,0.499,,OK
2026-05-02 15:00:00,CULT-01,cella_coltura,Laboratorio B,37.13,0.235,,OK
2026-05-02 15:00:00,CULT-02,cella_coltura,Laboratorio B,36.14,0.306,,OK
2026-05-02 15:00:00,CULT-03,cella_coltura,Laboratorio B,37.05,0.013,,OK
2026-05-02 15:00:00,CRYO-01,banca_criogenica,Deposito C,-196.39,0.089,48.7,OK
2026-05-02 15:00:00,CRYO-02,banca_criogenica,Deposito C,-196.44,0.157,47.2,OK
2026-05-02 15:00:00,HVAC-01,hvac,Edificio Principale,20.34,0.52,,OK
2026-05-02 15:30:00,INC-01,incubatore,Laboratorio A,37.03,0.328,,OK
2026-05-02 15:30:00,INC-02,incubatore,Laboratorio A,37.33,0.429,,OK
2026-05-02 15:30:00,INC-03,incubatore,Laboratorio A,37.24,0.2,,OK
2026-05-02 15:30:00,INC-04,incubatore,Laboratorio A,36.84,0.51,,OK
2026-05-02 15:30:00,CULT-01,cella_coltura,Laboratorio B,37.31,0.172,,OK
2026-05-02 15:30:00,CULT-02,cella_coltura,Laboratorio B,37.13,0.215,,OK
2026-05-02 15:30:00,CULT-03,cella_coltura,Laboratorio B,37.16,0.061,,OK
2026-05-02 15:30:00,CRYO-01,banca_criogenica,Deposito C,-195.91,0.079,53.5,OK
2026-05-02 15:30:00,CRYO-02,banca_criogenica,Deposito C,-195.98,0.231,46.8,OK
2026-05-02 15:30:00,HVAC-01,hvac,Edificio Principale,20.84,0.474,,OK
2026-05-02 16:00:00,INC-01,incubatore,Laboratorio A,37.01,0.246,,OK
2026-05-02 16:00:00,INC-02,incubatore,Laboratorio A,37.32,0.345,,OK
2026-05-02 16:00:00,INC-03,incubatore,Laboratorio A,36.69,0.117,,OK
2026-05-02 16:00:00,INC-04,incubatore,Laboratorio A,37.43,0.469,,OK
2026-05-02 16:00:00,CULT-01,cella_coltura,Laboratorio B,37.4,0.061,,OK
2026-05-02 16:00:00,CULT-02,cella_coltura,Laboratorio B,37.45,0.151,,OK
2026-05-02 16:00:00,CULT-03,cella_coltura,Laboratorio B,36.99,0.108,,OK
2026-05-02 16:00:00,CRYO-01,banca_criogenica,Deposito C,-195.79,0,48.9,OK
2026-05-02 16:00:00,CRYO-02,banca_criogenica,Deposito C,-196.1,0.17,50.0,OK
2026-05-02 16:00:00,HVAC-01,hvac,Edificio Principale,21.05,0.481,,OK
2026-05-02 16:30:00,INC-01,incubatore,Laboratorio A,37.21,0.275,,OK
2026-05-02 16:30:00,INC-02,incubatore,Laboratorio A,37.37,0.39,,OK
2026-05-02 16:30:00,INC-03,incubatore,Laboratorio A,37.14,0.153,,OK
2026-05-02 16:30:00,INC-04,incubatore,Laboratorio A,36.36,0.45,,OK
2026-05-02 16:30:00,CULT-01,cella_coltura,Laboratorio B,36.99,0.159,,OK
2026-05-02 16:30:00,CULT-02,cella_coltura,Laboratorio B,36.81,0.181,,OK
2026-05-02 16:30:00,CULT-03,cella_coltura,Laboratorio B,37.65,0.126,,OK
2026-05-02 16:30:00,CRYO-01,banca_criogenica,Deposito C,-195.83,0.034,46.9,OK
2026-05-02 16:30:00,CRYO-02,banca_criogenica,Deposito C,-196.24,0.287,47.2,OK
2026-05-02 16:30:00,HVAC-01,hvac,Edificio Principale,20.9,0.464,,OK
2026-05-02 17:00:00,INC-01,incubatore,Laboratorio A,36.7,0.273,,OK
2026-05-02 17:00:00,INC-02,incubatore,Laboratorio A,36.89,0.473,,OK
2026-05-02 17:00:00,INC-03,incubatore,Laboratorio A,36.51,0.213,,OK
2026-05-02 17:00:00,INC-04,incubatore,Laboratorio A,36.79,0.447,,OK
2026-05-02 17:00:00,CULT-01,cella_coltura,Laboratorio B,37.19,0.116,,OK
2026-05-02 17:00:00,CULT-02,cella_coltura,Laboratorio B,36.86,0.135,,OK
2026-05-02 17:00:00,CULT-03,cella_coltura,Laboratorio B,37.08,0.115,,OK
2026-05-02 17:00:00,CRYO-01,banca_criogenica,Deposito C,-195.7,0.118,47.3,OK
2026-05-02 17:00:00,CRYO-02,banca_criogenica,Deposito C,-195.99,0.154,51.6,OK
2026-05-02 17:00:00,HVAC-01,hvac,Edificio Principale,21.2,0.521,,OK
2026-05-02 17:30:00,INC-01,incubatore,Laboratorio A,36.56,0.36,,OK
2026-05-02 17:30:00,INC-02,incubatore,Laboratorio A,37.53,0.376,,OK
2026-05-02 17:30:00,INC-03,incubatore,Laboratorio A,36.9,0.193,,OK
2026-05-02 17:30:00,INC-04,incubatore,Laboratorio A,36.83,0.492,,OK
2026-05-02 17:30:00,CULT-01,cella_coltura,Laboratorio B,36.64,0.215,,OK
2026-05-02 17:30:00,CULT-02,cella_coltura,Laboratorio B,37.4,0.245,,OK
2026-05-02 17:30:00,CULT-03,cella_coltura,Laboratorio B,37.44,0.064,,OK
2026-05-02 17:30:00,CRYO-01,banca_criogenica,Deposito C,-195.56,0.129,45.0,OK
2026-05-02 17:30:00,CRYO-02,banca_criogenica,Deposito C,-196.23,0.202,50.7,OK
2026-05-02 17:30:00,HVAC-01,hvac,Edificio Principale,21.62,0.42,,OK
2026-05-02 18:00:00,INC-01,incubatore,Laboratorio A,36.22,0.27,,OK
2026-05-02 18:00:00,INC-02,incubatore,Laboratorio A,37.25,0.286,,OK
2026-05-02 18:00:00,INC-03,incubatore,Laboratorio A,37.25,0.122,,OK
2026-05-02 18:00:00,INC-04,incubatore,Laboratorio A,36.62,0.575,,OK
2026-05-02 18:00:00,CULT-01,cella_coltura,Laboratorio B,37.6,0.13,,OK
2026-05-02 18:00:00,CULT-02,cella_coltura,Laboratorio B,37.19,0.196,,OK
2026-05-02 18:00:00,CULT-03,cella_coltura,Laboratorio B,36.79,0.048,,OK
2026-05-02 18:00:00,CRYO-01,banca_criogenica,Deposito C,-196.17,0.009,45.7,OK
2026-05-02 18:00:00,CRYO-02,banca_criogenica,Deposito C,-196.09,0.201,46.1,OK
2026-05-02 18:00:00,HVAC-01,hvac,Edificio Principale,21.29,0.521,,OK
2026-05-02 18:30:00,INC-01,incubatore,Laboratorio A,36.72,0.313,,OK
2026-05-02 18:30:00,INC-02,incubatore,Laboratorio A,37.0,0.354,,OK
2026-05-02 18:30:00,INC-03,incubatore,Laboratorio A,36.57,0.116,,OK
2026-05-02 18:30:00,INC-04,incubatore,Laboratorio A,37.45,0.489,,OK
2026-05-02 18:30:00,CULT-01,cella_coltura,Laboratorio B,37.54,0.114,,OK
2026-05-02 18:30:00,CULT-02,cella_coltura,Laboratorio B,37.52,0.204,,OK
2026-05-02 18:30:00,CULT-03,cella_coltura,Laboratorio B,37.29,0.145,,OK
2026-05-02 18:30:00,CRYO-01,banca_criogenica,Deposito C,-195.95,0.001,52.2,OK
2026-05-02 18:30:00,CRYO-02,banca_criogenica,Deposito C,-195.72,0.247,49.6,OK
2026-05-02 18:30:00,HVAC-01,hvac,Edificio Principale,20.41,0.545,,OK
2026-05-02 19:00:00,INC-01,incubatore,Laboratorio A,36.94,0.309,,OK
2026-05-02 19:00:00,INC-02,incubatore,Laboratorio A,36.8,0.446,,OK
2026-05-02 19:00:00,INC-03,incubatore,Laboratorio A,37.01,0.242,,OK
2026-05-02 19:00:00,INC-04,incubatore,Laboratorio A,37.24,0.525,,OK
2026-05-02 19:00:00,CULT-01,cella_coltura,Laboratorio B,37.44,0.149,,OK
2026-05-02 19:00:00,CULT-02,cella_coltura,Laboratorio B,36.37,0.223,,OK
2026-05-02 19:00:00,CULT-03,cella_coltura,Laboratorio B,36.76,0.051,,OK
2026-05-02 19:00:00,CRYO-01,banca_criogenica,Deposito C,-195.7,0.108,49.4,OK
2026-05-02 19:00:00,CRYO-02,banca_criogenica,Deposito C,-196.05,0.198,47.7,OK
2026-05-02 19:00:00,HVAC-01,hvac,Edificio Principale,21.31,0.479,,OK
2026-05-02 19:30:00,INC-01,incubatore,Laboratorio A,36.69,0.305,,OK
2026-05-02 19:30:00,INC-02,incubatore,Laboratorio A,37.22,0.38,,OK
2026-05-02 19:30:00,INC-03,incubatore,Laboratorio A,36.76,0.239,,OK
2026-05-02 19:30:00,INC-04,incubatore,Laboratorio A,37.18,0.523,,OK
2026-05-02 19:30:00,CULT-01,cella_coltura,Laboratorio B,36.45,0.058,,OK
2026-05-02 19:30:00,CULT-02,cella_coltura,Laboratorio B,37.38,0.178,,OK
2026-05-02 19:30:00,CULT-03,cella_coltura,Laboratorio B,36.39,0.122,,OK
2026-05-02 19:30:00,CRYO-01,banca_criogenica,Deposito C,-195.68,0.121,53.7,OK
2026-05-02 19:30:00,CRYO-02,banca_criogenica,Deposito C,-196.5,0.252,47.9,OK
2026-05-02 19:30:00,HVAC-01,hvac,Edificio Principale,21.16,0.472,,OK
2026-05-02 20:00:00,INC-01,incubatore,Laboratorio A,37.26,0.274,,OK
2026-05-02 20:00:00,INC-02,incubatore,Laboratorio A,37.62,0.394,,OK
2026-05-02 20:00:00,INC-03,incubatore,Laboratorio A,37.34,0.199,,OK
2026-05-02 20:00:00,INC-04,incubatore,Laboratorio A,37.38,0.49,,OK
2026-05-02 20:00:00,CULT-01,cella_coltura,Laboratorio B,36.61,0.2,,OK
2026-05-02 20:00:00,CULT-02,cella_coltura,Laboratorio B,36.62,0.174,,OK
2026-05-02 20:00:00,CULT-03,cella_coltura,Laboratorio B,36.97,0.079,,OK
2026-05-02 20:00:00,CRYO-01,banca_criogenica,Deposito C,-196.27,0.039,53.2,OK
2026-05-02 20:00:00,CRYO-02,banca_criogenica,Deposito C,-196.11,0.166,51.0,OK
2026-05-02 20:00:00,HVAC-01,hvac,Edificio Principale,21.15,0.516,,OK
2026-05-02 20:30:00,INC-01,incubatore,Laboratorio A,36.87,0.385,,OK
2026-05-02 20:30:00,INC-02,incubatore,Laboratorio A,36.89,0.452,,OK
2026-05-02 20:30:00,INC-03,incubatore,Laboratorio A,37.04,0.097,,OK
2026-05-02 20:30:00,INC-04,incubatore,Laboratorio A,36.64,0.542,,OK
2026-05-02 20:30:00,CULT-01,cella_coltura,Laboratorio B,36.78,0.135,,OK
2026-05-02 20:30:00,CULT-02,cella_coltura,Laboratorio B,36.74,0.125,,OK
2026-05-02 20:30:00,CULT-03,cella_coltura,Laboratorio B,36.7,0.173,,OK
2026-05-02 20:30:00,CRYO-01,banca_criogenica,Deposito C,-195.54,0.076,49.3,OK
2026-05-02 20:30:00,CRYO-02,banca_criogenica,Deposito C,-196.2,0.209,46.0,OK
2026-05-02 20:30:00,HVAC-01,hvac,Edificio Principale,21.12,0.423,,OK
2026-05-02 21:00:00,INC-01,incubatore,Laboratorio A,37.45,0.214,,OK
2026-05-02 21:00:00,INC-02,incubatore,Laboratorio A,37.23,0.306,,OK
2026-05-02 21:00:00,INC-03,incubatore,Laboratorio A,37.48,0.263,,OK
2026-05-02 21:00:00,INC-04,incubatore,Laboratorio A,36.81,0.533,,OK
2026-05-02 21:00:00,CULT-01,cella_coltura,Laboratorio B,36.65,0.037,,OK
2026-05-02 21:00:00,CULT-02,cella_coltura,Laboratorio B,36.83,0.19,,OK
2026-05-02 21:00:00,CULT-03,cella_coltura,Laboratorio B,37.2,0.074,,OK
2026-05-02 21:00:00,CRYO-01,banca_criogenica,Deposito C,-196.21,0.195,50.7,OK
2026-05-02 21:00:00,CRYO-02,banca_criogenica,Deposito C,-195.59,0.086,43.1,OK
2026-05-02 21:00:00,HVAC-01,hvac,Edificio Principale,21.24,0.537,,OK
2026-05-02 21:30:00,INC-01,incubatore,Laboratorio A,37.34,0.271,,OK
2026-05-02 21:30:00,INC-02,incubatore,Laboratorio A,37.26,0.419,,OK
2026-05-02 21:30:00,INC-03,incubatore,Laboratorio A,37.17,0.225,,OK
2026-05-02 21:30:00,INC-04,incubatore,Laboratorio A,37.09,0.52,,OK
2026-05-02 21:30:00,CULT-01,cella_coltura,Laboratorio B,36.87,0.091,,OK
2026-05-02 21:30:00,CULT-02,cella_coltura,Laboratorio B,36.85,0.154,,OK
2026-05-02 21:30:00,CULT-03,cella_coltura,Laboratorio B,37.0,0.097,,OK
2026-05-02 21:30:00,CRYO-01,banca_criogenica,Deposito C,-196.09,0.095,47.9,OK
2026-05-02 21:30:00,CRYO-02,banca_criogenica,Deposito C,-195.87,0.112,48.9,OK
2026-05-02 21:30:00,HVAC-01,hvac,Edificio Principale,20.72,0.469,,OK
2026-05-02 22:00:00,INC-01,incubatore,Laboratorio A,36.86,0.3,,OK
2026-05-02 22:00:00,INC-02,incubatore,Laboratorio A,36.44,0.447,,OK
2026-05-02 22:00:00,INC-03,incubatore,Laboratorio A,36.99,0.177,,OK
2026-05-02 22:00:00,INC-04,incubatore,Laboratorio A,36.59,0.533,,OK
2026-05-02 22:00:00,CULT-01,cella_coltura,Laboratorio B,36.66,0.116,,OK
2026-05-02 22:00:00,CULT-02,cella_coltura,Laboratorio B,36.88,0.117,,OK
2026-05-02 22:00:00,CULT-03,cella_coltura,Laboratorio B,37.24,0.092,,OK
2026-05-02 22:00:00,CRYO-01,banca_criogenica,Deposito C,-196.56,0.083,43.6,OK
2026-05-02 22:00:00,CRYO-02,banca_criogenica,Deposito C,-196.49,0.214,47.8,OK
2026-05-02 22:00:00,HVAC-01,hvac,Edificio Principale,20.61,0.502,,OK
2026-05-02 22:30:00,INC-01,incubatore,Laboratorio A,36.48,0.256,,OK
2026-05-02 22:30:00,INC-02,incubatore,Laboratorio A,37.33,0.491,,OK
2026-05-02 22:30:00,INC-03,incubatore,Laboratorio A,37.36,0.181,,OK
2026-05-02 22:30:00,INC-04,incubatore,Laboratorio A,36.95,0.471,,OK
2026-05-02 22:30:00,CULT-01,cella_coltura,Laboratorio B,37.16,0.157,,OK
2026-05-02 22:30:00,CULT-02,cella_coltura,Laboratorio B,37.07,0.208,,OK
2026-05-02 22:30:00,CULT-03,cella_coltura,Laboratorio B,36.7,0.168,,OK
2026-05-02 22:30:00,CRYO-01,banca_criogenica,Deposito C,-195.96,0.055,44.9,OK
2026-05-02 22:30:00,CRYO-02,banca_criogenica,Deposito C,-195.91,0.15,46.7,OK
2026-05-02 22:30:00,HVAC-01,hvac,Edificio Principale,20.86,0.407,,OK
2026-05-02 23:00:00,INC-01,incubatore,Laboratorio A,37.11,0.268,,OK
2026-05-02 23:00:00,INC-02,incubatore,Laboratorio A,37.11,0.365,,OK
2026-05-02 23:00:00,INC-03,incubatore,Laboratorio A,36.44,0.237,,OK
2026-05-02 23:00:00,INC-04,incubatore,Laboratorio A,36.98,0.487,,OK
2026-05-02 23:00:00,CULT-01,cella_coltura,Laboratorio B,36.74,0.107,,OK
2026-05-02 23:00:00,CULT-02,cella_coltura,Laboratorio B,37.49,0.262,,OK
2026-05-02 23:00:00,CULT-03,cella_coltura,Laboratorio B,37.17,0.107,,OK
2026-05-02 23:00:00,CRYO-01,banca_criogenica,Deposito C,-196.05,0.104,47.8,OK
2026-05-02 23:00:00,CRYO-02,banca_criogenica,Deposito C,-196.28,0.189,48.7,OK
2026-05-02 23:00:00,HVAC-01,hvac,Edificio Principale,21.04,0.526,,OK
2026-05-02 23:30:00,INC-01,incubatore,Laboratorio A,36.36,0.273,,OK
2026-05-02 23:30:00,INC-02,incubatore,Laboratorio A,37.07,0.35,,OK
2026-05-02 23:30:00,INC-03,incubatore,Laboratorio A,36.84,0.104,,OK
2026-05-02 23:30:00,INC-04,incubatore,Laboratorio A,37.46,0.51,,OK
2026-05-02 23:30:00,CULT-01,cella_coltura,Laboratorio B,37.29,0.116,,OK
2026-05-02 23:30:00,CULT-02,cella_coltura,Laboratorio B,36.85,0.205,,OK
2026-05-02 23:30:00,CULT-03,cella_coltura,Laboratorio B,36.58,0.097,,OK
2026-05-02 23:30:00,CRYO-01,banca_criogenica,Deposito C,-195.87,0.081,48.6,OK
2026-05-02 23:30:00,CRYO-02,banca_criogenica,Deposito C,-196.08,0.245,48.6,OK
2026-05-02 23:30:00,HVAC-01,hvac,Edificio Principale,20.84,0.517,,OK
2026-05-03 00:10:00,INC-01,incubatore,Laboratorio A,37.09,0.295,,OK
2026-05-03 00:10:00,INC-02,incubatore,Laboratorio A,39.2,1.2,,CRITICAL
2026-05-03 00:10:00,INC-03,incubatore,Laboratorio A,37.32,0.248,,OK
2026-05-03 00:10:00,INC-04,incubatore,Laboratorio A,36.76,0.526,,OK
2026-05-03 00:10:00,CULT-01,cella_coltura,Laboratorio B,37.06,0.75,,WARNING
2026-05-03 00:10:00,CULT-02,cella_coltura,Laboratorio B,36.63,0.249,,OK
2026-05-03 00:10:00,CULT-03,cella_coltura,Laboratorio B,36.97,0.116,,OK
2026-05-03 00:10:00,CRYO-01,banca_criogenica,Deposito C,-195.98,0.06,46.4,OK
2026-05-03 00:10:00,CRYO-02,banca_criogenica,Deposito C,-189,0.207,28,CRITICAL
2026-05-03 00:10:00,HVAC-01,hvac,Edificio Principale,21.6,1.8,,WARNING
